source_key,member,region,yyyymm,era,n_cols,rows,gz_bytes,gcs_path,status
JC-201509-citibike-tripdata.csv.zip,JC-201509-citibike-tripdata.csv,JC,201509,legacy,15,6668,127508,gs://msbai-dwd-aw6046-staging/raw/legacy/JC/201509/JC-201509-citibike-tripdata.csv.gz,staged
JC-201509-citibike-tripdata.csv.zip,,JC,,,,,,,source_done
2013-citibike-tripdata.zip,2013-citibike-tripdata/201309-citibike-tripdata.csv,NYC,201309,legacy,15,1034359,32006820,gs://msbai-dwd-aw6046-staging/raw/legacy/NYC/201309/201309-citibike-tripdata.csv.gz,staged
2013-citibike-tripdata.zip,2013-citibike-tripdata/201311-citibike-tripdata.csv,NYC,201311,legacy,15,675774,20881667,gs://msbai-dwd-aw6046-staging/raw/legacy/NYC/201311/201311-citibike-tripdata.csv.gz,staged
2013-citibike-tripdata.zip,2013-citibike-tripdata/201307-citibike-tripdata.csv,NYC,201307,legacy,15,843416,26132115,gs://msbai-dwd-aw6046-staging/raw/legacy/NYC/201307/201307-citibike-tripdata.csv.gz,staged
2013-citibike-tripdata.zip,2013-citibike-tripdata/201308-citibike-tripdata.csv,NYC,201308,legacy,15,1001958,30964079,gs://msbai-dwd-aw6046-staging/raw/legacy/NYC/201308/201308-citibike-tripdata.csv.gz,staged
2013-citibike-tripdata.zip,2013-citibike-tripdata/201306-citibike-tripdata.csv,NYC,201306,legacy,15,577703,16784527,gs://msbai-dwd-aw6046-staging/raw/legacy/NYC/201306/201306-citibike-tripdata.csv.gz,staged
2013-citibike-tripdata.zip,2013-citibike-tripdata/201310-citibike-tripdata.csv,NYC,201310,legacy,15,1037712,31922432,gs://msbai-dwd-aw6046-staging/raw/legacy/NYC/201310/201310-citibike-tripdata.csv.gz,staged
2013-citibike-tripdata.zip,2013-citibike-tripdata/201312-citibike-tripdata.csv,NYC,201312,legacy,15,443966,13836056,gs://msbai-dwd-aw6046-staging/raw/legacy/NYC/201312/201312-citibike-tripdata.csv.gz,staged
2013-citibike-tripdata.zip,2013-citibike-tripdata/12_December/201312-citibike-tripdata_1.csv,NYC,201312,legacy,15,443966,12449277,,skipped_duplicate
2013-citibike-tripdata.zip,2013-citibike-tripdata/11_November/201311-citibike-tripdata_1.csv,NYC,201311,legacy,15,675774,18815289,,skipped_duplicate
2013-citibike-tripdata.zip,2013-citibike-tripdata/7_July/201307-citibike-tripdata_1.csv,NYC,201307,legacy,15,843416,23536403,,skipped_duplicate
2013-citibike-tripdata.zip,2013-citibike-tripdata/10_October/201310-citibike-tripdata_2.csv,NYC,201310,legacy,15,37712,1040558,,skipped_duplicate
2013-citibike-tripdata.zip,2013-citibike-tripdata/10_October/201310-citibike-tripdata_1.csv,NYC,201310,legacy,15,1000000,27726870,,skipped_duplicate
2013-citibike-tripdata.zip,2013-citibike-tripdata/9_September/201309-citibike-tripdata_2.csv,NYC,201309,legacy,15,34359,958310,,skipped_duplicate
2013-citibike-tripdata.zip,2013-citibike-tripdata/9_September/201309-citibike-tripdata_1.csv,NYC,201309,legacy,15,1000000,27887268,,skipped_duplicate
2013-citibike-tripdata.zip,2013-citibike-tripdata/8_August/201308-citibike-tripdata_1.csv,NYC,201308,legacy,15,1000000,27847629,,skipped_duplicate
2013-citibike-tripdata.zip,2013-citibike-tripdata/8_August/201308-citibike-tripdata_2.csv,NYC,201308,legacy,15,1958,57914,,skipped_duplicate
2013-citibike-tripdata.zip,2013-citibike-tripdata/6_June/201306-citibike-tripdata_1.csv,NYC,201306,legacy,15,577703,16939253,,skipped_duplicate
2013-citibike-tripdata.zip,,NYC,,,,,,,source_done
2014-citibike-tripdata.zip,2014-citibike-tripdata/4_April/201404-citibike-tripdata_1.csv,NYC,201404,legacy,15,670780,18651516,gs://msbai-dwd-aw6046-staging/raw/legacy/NYC/201404/201404-citibike-tripdata_1.csv.gz,staged
2014-citibike-tripdata.zip,2014-citibike-tripdata/12_December/201412-citibike-tripdata_1.csv,NYC,201412,legacy,15,399069,11153488,gs://msbai-dwd-aw6046-staging/raw/legacy/NYC/201412/201412-citibike-tripdata_1.csv.gz,staged
2014-citibike-tripdata.zip,2014-citibike-tripdata/11_November/201411-citibike-tripdata_1.csv,NYC,201411,legacy,15,529188,14762291,gs://msbai-dwd-aw6046-staging/raw/legacy/NYC/201411/201411-citibike-tripdata_1.csv.gz,staged
2014-citibike-tripdata.zip,2014-citibike-tripdata/7_July/201407-citibike-tripdata_1.csv,NYC,201407,legacy,15,968842,26907690,gs://msbai-dwd-aw6046-staging/raw/legacy/NYC/201407/201407-citibike-tripdata_1.csv.gz,staged
2014-citibike-tripdata.zip,2014-citibike-tripdata/10_October/201410-citibike-tripdata_1.csv,NYC,201410,legacy,15,828711,22963368,gs://msbai-dwd-aw6046-staging/raw/legacy/NYC/201410/201410-citibike-tripdata_1.csv.gz,staged
2014-citibike-tripdata.zip,2014-citibike-tripdata/9_September/201409-citibike-tripdata_1.csv,NYC,201409,legacy,15,953887,26392298,gs://msbai-dwd-aw6046-staging/raw/legacy/NYC/201409/201409-citibike-tripdata_1.csv.gz,staged
2014-citibike-tripdata.zip,2014-citibike-tripdata/8_August/201408-citibike-tripdata_1.csv,NYC,201408,legacy,15,963489,26672062,gs://msbai-dwd-aw6046-staging/raw/legacy/NYC/201408/201408-citibike-tripdata_1.csv.gz,staged
2014-citibike-tripdata.zip,2014-citibike-tripdata/6_June/201406-citibike-tripdata_1.csv,NYC,201406,legacy,15,936880,26041765,gs://msbai-dwd-aw6046-staging/raw/legacy/NYC/201406/201406-citibike-tripdata_1.csv.gz,staged
2014-citibike-tripdata.zip,2014-citibike-tripdata/3_March/201403-citibike-tripdata_1.csv,NYC,201403,legacy,15,439117,12301156,gs://msbai-dwd-aw6046-staging/raw/legacy/NYC/201403/201403-citibike-tripdata_1.csv.gz,staged
2014-citibike-tripdata.zip,2014-citibike-tripdata/1_January/201401-citibike-tripdata_1.csv,NYC,201401,legacy,15,300400,8433453,gs://msbai-dwd-aw6046-staging/raw/legacy/NYC/201401/201401-citibike-tripdata_1.csv.gz,staged
2014-citibike-tripdata.zip,2014-citibike-tripdata/2_February/201402-citibike-tripdata_1.csv,NYC,201402,legacy,15,224736,6299575,gs://msbai-dwd-aw6046-staging/raw/legacy/NYC/201402/201402-citibike-tripdata_1.csv.gz,staged
2014-citibike-tripdata.zip,2014-citibike-tripdata/5_May/201405-citibike-tripdata_1.csv,NYC,201405,legacy,15,866117,24023123,gs://msbai-dwd-aw6046-staging/raw/legacy/NYC/201405/201405-citibike-tripdata_1.csv.gz,staged
2014-citibike-tripdata.zip,,NYC,,,,,,,source_done
2015-citibike-tripdata.zip,2015-citibike-tripdata/4_April/201504-citibike-tripdata_1.csv,NYC,201504,legacy,15,652390,18103187,gs://msbai-dwd-aw6046-staging/raw/legacy/NYC/201504/201504-citibike-tripdata_1.csv.gz,staged
2015-citibike-tripdata.zip,2015-citibike-tripdata/12_December/201512-citibike-tripdata_1.csv,NYC,201512,legacy,15,804125,20726571,gs://msbai-dwd-aw6046-staging/raw/legacy/NYC/201512/201512-citibike-tripdata_1.csv.gz,staged
2015-citibike-tripdata.zip,2015-citibike-tripdata/11_November/201511-citibike-tripdata_1.csv,NYC,201511,legacy,15,987245,30280277,gs://msbai-dwd-aw6046-staging/raw/legacy/NYC/201511/201511-citibike-tripdata_1.csv.gz,staged
2015-citibike-tripdata.zip,2015-citibike-tripdata/7_July/201507-citibike-tripdata_1.csv,NYC,201507,legacy,15,1000000,27702822,gs://msbai-dwd-aw6046-staging/raw/legacy/NYC/201507/201507-citibike-tripdata_1.csv.gz,staged
2015-citibike-tripdata.zip,2015-citibike-tripdata/7_July/201507-citibike-tripdata_2.csv,NYC,201507,legacy,15,85676,2395790,gs://msbai-dwd-aw6046-staging/raw/legacy/NYC/201507/201507-citibike-tripdata_2.csv.gz,staged
2015-citibike-tripdata.zip,2015-citibike-tripdata/10_October/201510-citibike-tripdata_2.csv,NYC,201510,legacy,15,212277,6486768,gs://msbai-dwd-aw6046-staging/raw/legacy/NYC/201510/201510-citibike-tripdata_2.csv.gz,staged
2015-citibike-tripdata.zip,2015-citibike-tripdata/10_October/201510-citibike-tripdata_1.csv,NYC,201510,legacy,15,1000000,30392343,gs://msbai-dwd-aw6046-staging/raw/legacy/NYC/201510/201510-citibike-tripdata_1.csv.gz,staged
2015-citibike-tripdata.zip,2015-citibike-tripdata/9_September/201509-citibike-tripdata_2.csv,NYC,201509,legacy,15,289699,8671563,gs://msbai-dwd-aw6046-staging/raw/legacy/NYC/201509/201509-citibike-tripdata_2.csv.gz,staged
2015-citibike-tripdata.zip,2015-citibike-tripdata/9_September/201509-citibike-tripdata_1.csv,NYC,201509,legacy,15,1000000,29557772,gs://msbai-dwd-aw6046-staging/raw/legacy/NYC/201509/201509-citibike-tripdata_1.csv.gz,staged
2015-citibike-tripdata.zip,2015-citibike-tripdata/8_August/201508-citibike-tripdata_1.csv,NYC,201508,legacy,15,1000000,28013812,gs://msbai-dwd-aw6046-staging/raw/legacy/NYC/201508/201508-citibike-tripdata_1.csv.gz,staged
2015-citibike-tripdata.zip,2015-citibike-tripdata/8_August/201508-citibike-tripdata_2.csv,NYC,201508,legacy,15,179044,5212670,gs://msbai-dwd-aw6046-staging/raw/legacy/NYC/201508/201508-citibike-tripdata_2.csv.gz,staged
2015-citibike-tripdata.zip,2015-citibike-tripdata/6_June/201506-citibike-tripdata_1.csv,NYC,201506,legacy,15,941219,22510384,gs://msbai-dwd-aw6046-staging/raw/legacy/NYC/201506/201506-citibike-tripdata_1.csv.gz,staged
2015-citibike-tripdata.zip,2015-citibike-tripdata/3_March/201503-citibike-tripdata_1.csv,NYC,201503,legacy,15,341826,8279862,gs://msbai-dwd-aw6046-staging/raw/legacy/NYC/201503/201503-citibike-tripdata_1.csv.gz,staged
2015-citibike-tripdata.zip,2015-citibike-tripdata/1_January/201501-citibike-tripdata_1.csv,NYC,201501,legacy,15,285552,6887714,gs://msbai-dwd-aw6046-staging/raw/legacy/NYC/201501/201501-citibike-tripdata_1.csv.gz,staged
2015-citibike-tripdata.zip,2015-citibike-tripdata/2_February/201502-citibike-tripdata_1.csv,NYC,201502,legacy,15,196930,4739028,gs://msbai-dwd-aw6046-staging/raw/legacy/NYC/201502/201502-citibike-tripdata_1.csv.gz,staged
2015-citibike-tripdata.zip,2015-citibike-tripdata/5_May/201505-citibike-tripdata_1.csv,NYC,201505,legacy,15,961986,26482691,gs://msbai-dwd-aw6046-staging/raw/legacy/NYC/201505/201505-citibike-tripdata_1.csv.gz,staged
2015-citibike-tripdata.zip,,NYC,,,,,,,source_done
2016-citibike-tripdata.zip,2016-citibike-tripdata/4_April/201604-citibike-tripdata_1.csv,NYC,201604,legacy,15,1000000,30803521,gs://msbai-dwd-aw6046-staging/raw/legacy/NYC/201604/201604-citibike-tripdata_1.csv.gz,staged
2016-citibike-tripdata.zip,2016-citibike-tripdata/4_April/201604-citibike-tripdata_2.csv,NYC,201604,legacy,15,13149,402530,gs://msbai-dwd-aw6046-staging/raw/legacy/NYC/201604/201604-citibike-tripdata_2.csv.gz,staged
2016-citibike-tripdata.zip,2016-citibike-tripdata/12_December/201612-citibike-tripdata_1.csv,NYC,201612,legacy,15,812192,27147760,gs://msbai-dwd-aw6046-staging/raw/legacy/NYC/201612/201612-citibike-tripdata_1.csv.gz,staged
2016-citibike-tripdata.zip,2016-citibike-tripdata/11_November/201611-citibike-tripdata_2.csv,NYC,201611,legacy,15,196942,6593083,gs://msbai-dwd-aw6046-staging/raw/legacy/NYC/201611/201611-citibike-tripdata_2.csv.gz,staged
2016-citibike-tripdata.zip,2016-citibike-tripdata/11_November/201611-citibike-tripdata_1.csv,NYC,201611,legacy,15,1000000,33121056,gs://msbai-dwd-aw6046-staging/raw/legacy/NYC/201611/201611-citibike-tripdata_1.csv.gz,staged
2016-citibike-tripdata.zip,2016-citibike-tripdata/7_July/201607-citibike-tripdata_2.csv,NYC,201607,legacy,15,380110,11877704,gs://msbai-dwd-aw6046-staging/raw/legacy/NYC/201607/201607-citibike-tripdata_2.csv.gz,staged
2016-citibike-tripdata.zip,2016-citibike-tripdata/7_July/201607-citibike-tripdata_1.csv,NYC,201607,legacy,15,1000000,31019264,gs://msbai-dwd-aw6046-staging/raw/legacy/NYC/201607/201607-citibike-tripdata_1.csv.gz,staged
2016-citibike-tripdata.zip,2016-citibike-tripdata/10_October/201610-citibike-tripdata_1.csv,NYC,201610,legacy,15,1000000,33090806,gs://msbai-dwd-aw6046-staging/raw/legacy/NYC/201610/201610-citibike-tripdata_1.csv.gz,staged
2016-citibike-tripdata.zip,2016-citibike-tripdata/10_October/201610-citibike-tripdata_2.csv,NYC,201610,legacy,15,573872,19036312,gs://msbai-dwd-aw6046-staging/raw/legacy/NYC/201610/201610-citibike-tripdata_2.csv.gz,staged
2016-citibike-tripdata.zip,2016-citibike-tripdata/9_September/201609-citibike-tripdata_1.csv,NYC,201609,legacy,15,1000000,32379375,gs://msbai-dwd-aw6046-staging/raw/legacy/NYC/201609/201609-citibike-tripdata_1.csv.gz,staged
2016-citibike-tripdata.zip,2016-citibike-tripdata/9_September/201609-citibike-tripdata_2.csv,NYC,201609,legacy,15,648856,21264976,gs://msbai-dwd-aw6046-staging/raw/legacy/NYC/201609/201609-citibike-tripdata_2.csv.gz,staged
2016-citibike-tripdata.zip,2016-citibike-tripdata/8_August/201608-citibike-tripdata_2.csv,NYC,201608,legacy,15,557663,17928063,gs://msbai-dwd-aw6046-staging/raw/legacy/NYC/201608/201608-citibike-tripdata_2.csv.gz,staged
2016-citibike-tripdata.zip,2016-citibike-tripdata/8_August/201608-citibike-tripdata_1.csv,NYC,201608,legacy,15,1000000,31391095,gs://msbai-dwd-aw6046-staging/raw/legacy/NYC/201608/201608-citibike-tripdata_1.csv.gz,staged
2016-citibike-tripdata.zip,2016-citibike-tripdata/6_June/201606-citibike-tripdata_1.csv,NYC,201606,legacy,15,1000000,30871885,gs://msbai-dwd-aw6046-staging/raw/legacy/NYC/201606/201606-citibike-tripdata_1.csv.gz,staged
2016-citibike-tripdata.zip,2016-citibike-tripdata/6_June/201606-citibike-tripdata_2.csv,NYC,201606,legacy,15,460318,14292641,gs://msbai-dwd-aw6046-staging/raw/legacy/NYC/201606/201606-citibike-tripdata_2.csv.gz,staged
2016-citibike-tripdata.zip,2016-citibike-tripdata/3_March/201603-citibike-tripdata_1.csv,NYC,201603,legacy,15,919921,23754329,gs://msbai-dwd-aw6046-staging/raw/legacy/NYC/201603/201603-citibike-tripdata_1.csv.gz,staged
2016-citibike-tripdata.zip,2016-citibike-tripdata/1_January/201601-citibike-tripdata_1.csv,NYC,201601,legacy,15,509478,15612280,gs://msbai-dwd-aw6046-staging/raw/legacy/NYC/201601/201601-citibike-tripdata_1.csv.gz,staged
2016-citibike-tripdata.zip,2016-citibike-tripdata/2_February/201602-citibike-tripdata_1.csv,NYC,201602,legacy,15,560874,17272111,gs://msbai-dwd-aw6046-staging/raw/legacy/NYC/201602/201602-citibike-tripdata_1.csv.gz,staged
2016-citibike-tripdata.zip,2016-citibike-tripdata/5_May/201605-citibike-tripdata_2.csv,NYC,201605,legacy,15,212280,6547874,gs://msbai-dwd-aw6046-staging/raw/legacy/NYC/201605/201605-citibike-tripdata_2.csv.gz,staged
2016-citibike-tripdata.zip,2016-citibike-tripdata/5_May/201605-citibike-tripdata_1.csv,NYC,201605,legacy,15,1000000,30752392,gs://msbai-dwd-aw6046-staging/raw/legacy/NYC/201605/201605-citibike-tripdata_1.csv.gz,staged
2016-citibike-tripdata.zip,,NYC,,,,,,,source_done
2017-citibike-tripdata.zip,2017-citibike-tripdata/4_April/201704-citibike-tripdata.csv_1.csv,NYC,201704,legacy,15,1000000,33292756,gs://msbai-dwd-aw6046-staging/raw/legacy/NYC/201704/201704-citibike-tripdata.csv_1.csv.gz,staged
2017-citibike-tripdata.zip,2017-citibike-tripdata/4_April/201704-citibike-tripdata.csv_2.csv,NYC,201704,legacy,15,315404,10569929,gs://msbai-dwd-aw6046-staging/raw/legacy/NYC/201704/201704-citibike-tripdata.csv_2.csv.gz,staged
2017-citibike-tripdata.zip,2017-citibike-tripdata/12_December/201712-citibike-tripdata.csv_1.csv,NYC,201712,legacy,15,889967,31190505,gs://msbai-dwd-aw6046-staging/raw/legacy/NYC/201712/201712-citibike-tripdata.csv_1.csv.gz,staged
2017-citibike-tripdata.zip,2017-citibike-tripdata/11_November/201711-citibike-tripdata.csv_2.csv,NYC,201711,legacy,15,330649,11561808,gs://msbai-dwd-aw6046-staging/raw/legacy/NYC/201711/201711-citibike-tripdata.csv_2.csv.gz,staged
2017-citibike-tripdata.zip,2017-citibike-tripdata/11_November/201711-citibike-tripdata.csv_1.csv,NYC,201711,legacy,15,1000000,34903953,gs://msbai-dwd-aw6046-staging/raw/legacy/NYC/201711/201711-citibike-tripdata.csv_1.csv.gz,staged
2017-citibike-tripdata.zip,2017-citibike-tripdata/7_July/201707-citibike-tripdata.csv_2.csv,NYC,201707,legacy,15,735599,24990833,gs://msbai-dwd-aw6046-staging/raw/legacy/NYC/201707/201707-citibike-tripdata.csv_2.csv.gz,staged
2017-citibike-tripdata.zip,2017-citibike-tripdata/7_July/201707-citibike-tripdata.csv_1.csv,NYC,201707,legacy,15,1000000,33954326,gs://msbai-dwd-aw6046-staging/raw/legacy/NYC/201707/201707-citibike-tripdata.csv_1.csv.gz,staged
2017-citibike-tripdata.zip,2017-citibike-tripdata/10_October/201710-citibike-tripdata.csv_1.csv,NYC,201710,legacy,15,1000000,34567621,gs://msbai-dwd-aw6046-staging/raw/legacy/NYC/201710/201710-citibike-tripdata.csv_1.csv.gz,staged
2017-citibike-tripdata.zip,2017-citibike-tripdata/10_October/201710-citibike-tripdata.csv_2.csv,NYC,201710,legacy,15,897592,31249230,gs://msbai-dwd-aw6046-staging/raw/legacy/NYC/201710/201710-citibike-tripdata.csv_2.csv.gz,staged
2017-citibike-tripdata.zip,2017-citibike-tripdata/9_September/201709-citibike-tripdata.csv_2.csv,NYC,201709,legacy,15,878098,30124121,gs://msbai-dwd-aw6046-staging/raw/legacy/NYC/201709/201709-citibike-tripdata.csv_2.csv.gz,staged
2017-citibike-tripdata.zip,2017-citibike-tripdata/9_September/201709-citibike-tripdata.csv_1.csv,NYC,201709,legacy,15,1000000,34013094,gs://msbai-dwd-aw6046-staging/raw/legacy/NYC/201709/201709-citibike-tripdata.csv_1.csv.gz,staged
2017-citibike-tripdata.zip,2017-citibike-tripdata/8_August/201708-citibike-tripdata.csv_1.csv,NYC,201708,legacy,15,1000000,33886809,gs://msbai-dwd-aw6046-staging/raw/legacy/NYC/201708/201708-citibike-tripdata.csv_1.csv.gz,staged
2017-citibike-tripdata.zip,2017-citibike-tripdata/8_August/201708-citibike-tripdata.csv_2.csv,NYC,201708,legacy,15,816498,27717942,gs://msbai-dwd-aw6046-staging/raw/legacy/NYC/201708/201708-citibike-tripdata.csv_2.csv.gz,staged
2017-citibike-tripdata.zip,2017-citibike-tripdata/6_June/201706-citibike-tripdata.csv_1.csv,NYC,201706,legacy,15,1000000,33987556,gs://msbai-dwd-aw6046-staging/raw/legacy/NYC/201706/201706-citibike-tripdata.csv_1.csv.gz,staged
2017-citibike-tripdata.zip,2017-citibike-tripdata/6_June/201706-citibike-tripdata.csv_2.csv,NYC,201706,legacy,15,731594,24812325,gs://msbai-dwd-aw6046-staging/raw/legacy/NYC/201706/201706-citibike-tripdata.csv_2.csv.gz,staged
2017-citibike-tripdata.zip,2017-citibike-tripdata/3_March/201703-citibike-tripdata.csv_1.csv,NYC,201703,legacy,15,727665,24252531,gs://msbai-dwd-aw6046-staging/raw/legacy/NYC/201703/201703-citibike-tripdata.csv_1.csv.gz,staged
2017-citibike-tripdata.zip,2017-citibike-tripdata/1_January/201701-citibike-tripdata.csv_1.csv,NYC,201701,legacy,15,726676,24339315,gs://msbai-dwd-aw6046-staging/raw/legacy/NYC/201701/201701-citibike-tripdata.csv_1.csv.gz,staged
2017-citibike-tripdata.zip,2017-citibike-tripdata/2_February/201702-citibike-tripdata.csv_1.csv,NYC,201702,legacy,15,791647,26437447,gs://msbai-dwd-aw6046-staging/raw/legacy/NYC/201702/201702-citibike-tripdata.csv_1.csv.gz,staged
2017-citibike-tripdata.zip,2017-citibike-tripdata/5_May/201705-citibike-tripdata.csv_2.csv,NYC,201705,legacy,15,523268,17637111,gs://msbai-dwd-aw6046-staging/raw/legacy/NYC/201705/201705-citibike-tripdata.csv_2.csv.gz,staged
2017-citibike-tripdata.zip,2017-citibike-tripdata/5_May/201705-citibike-tripdata.csv_1.csv,NYC,201705,legacy,15,1000000,33628776,gs://msbai-dwd-aw6046-staging/raw/legacy/NYC/201705/201705-citibike-tripdata.csv_1.csv.gz,staged
2017-citibike-tripdata.zip,,NYC,,,,,,,source_done
2018-citibike-tripdata.zip,2018-citibike-tripdata/201809-citibike-tripdata.csv,NYC,201809,legacy,15,1877884,80091250,gs://msbai-dwd-aw6046-staging/raw/legacy/NYC/201809/201809-citibike-tripdata.csv.gz,staged
2018-citibike-tripdata.zip,2018-citibike-tripdata/201801-citibike-tripdata.csv,NYC,201801,legacy,15,718994,23243137,gs://msbai-dwd-aw6046-staging/raw/legacy/NYC/201801/201801-citibike-tripdata.csv.gz,staged
2018-citibike-tripdata.zip,2018-citibike-tripdata/201803-citibike-tripdata.csv,NYC,201803,legacy,15,976672,31771926,gs://msbai-dwd-aw6046-staging/raw/legacy/NYC/201803/201803-citibike-tripdata.csv.gz,staged
2018-citibike-tripdata.zip,2018-citibike-tripdata/201805-citibike-tripdata.csv,NYC,201805,legacy,15,1824710,60397926,gs://msbai-dwd-aw6046-staging/raw/legacy/NYC/201805/201805-citibike-tripdata.csv.gz,staged
2018-citibike-tripdata.zip,2018-citibike-tripdata/201807-citibike-tripdata.csv,NYC,201807,legacy,15,1913625,63141703,gs://msbai-dwd-aw6046-staging/raw/legacy/NYC/201807/201807-citibike-tripdata.csv.gz,staged
2018-citibike-tripdata.zip,2018-citibike-tripdata/201811-citibike-tripdata.csv,NYC,201811,legacy,15,1260355,53731529,gs://msbai-dwd-aw6046-staging/raw/legacy/NYC/201811/201811-citibike-tripdata.csv.gz,staged
2018-citibike-tripdata.zip,2018-citibike-tripdata/201804-citibike-tripdata_1.csv,NYC,201804,legacy,15,1000000,31761004,,skipped_duplicate
2018-citibike-tripdata.zip,2018-citibike-tripdata/201804-citibike-tripdata_2.csv,NYC,201804,legacy,15,307543,9799663,,skipped_duplicate
2018-citibike-tripdata.zip,2018-citibike-tripdata/201808-citibike-tripdata.csv,NYC,201808,legacy,15,1977177,84330057,gs://msbai-dwd-aw6046-staging/raw/legacy/NYC/201808/201808-citibike-tripdata.csv.gz,staged
2018-citibike-tripdata.zip,2018-citibike-tripdata/201802-citibike-tripdata.csv,NYC,201802,legacy,15,843114,27445197,gs://msbai-dwd-aw6046-staging/raw/legacy/NYC/201802/201802-citibike-tripdata.csv.gz,staged
2018-citibike-tripdata.zip,2018-citibike-tripdata/201812-citibike-tripdata.csv,NYC,201812,legacy,15,1016505,43605068,gs://msbai-dwd-aw6046-staging/raw/legacy/NYC/201812/201812-citibike-tripdata.csv.gz,staged
2018-citibike-tripdata.zip,2018-citibike-tripdata/201804-citibike-tripdata.csv,NYC,201804,legacy,15,1307543,42776976,gs://msbai-dwd-aw6046-staging/raw/legacy/NYC/201804/201804-citibike-tripdata.csv.gz,staged
2018-citibike-tripdata.zip,2018-citibike-tripdata/201810-citibike-tripdata.csv,NYC,201810,legacy,15,1878657,79982557,gs://msbai-dwd-aw6046-staging/raw/legacy/NYC/201810/201810-citibike-tripdata.csv.gz,staged
2018-citibike-tripdata.zip,2018-citibike-tripdata/201806-citibike-tripdata.csv,NYC,201806,legacy,15,1953103,64676278,gs://msbai-dwd-aw6046-staging/raw/legacy/NYC/201806/201806-citibike-tripdata.csv.gz,staged
2018-citibike-tripdata.zip,2018-citibike-tripdata/12_December/201812-citibike-tripdata_1.csv,NYC,201812,legacy,15,1000000,42203634,,skipped_duplicate
2018-citibike-tripdata.zip,2018-citibike-tripdata/12_December/201812-citibike-tripdata_2.csv,NYC,201812,legacy,15,16505,700223,,skipped_duplicate
2018-citibike-tripdata.zip,2018-citibike-tripdata/11_November/201811-citibike-tripdata_2.csv,NYC,201811,legacy,15,260355,10920837,,skipped_duplicate
2018-citibike-tripdata.zip,2018-citibike-tripdata/11_November/201811-citibike-tripdata_1.csv,NYC,201811,legacy,15,1000000,41958105,,skipped_duplicate
2018-citibike-tripdata.zip,2018-citibike-tripdata/7_July/201807-citibike-tripdata_2.csv,NYC,201807,legacy,15,913625,28996764,,skipped_duplicate
2018-citibike-tripdata.zip,2018-citibike-tripdata/7_July/201807-citibike-tripdata_1.csv,NYC,201807,legacy,15,1000000,32308876,,skipped_duplicate
2018-citibike-tripdata.zip,2018-citibike-tripdata/10_October/201810-citibike-tripdata_1.csv,NYC,201810,legacy,15,1000000,41905172,,skipped_duplicate
2018-citibike-tripdata.zip,2018-citibike-tripdata/10_October/201810-citibike-tripdata_2.csv,NYC,201810,legacy,15,878657,36841458,,skipped_duplicate
2018-citibike-tripdata.zip,2018-citibike-tripdata/9_September/201809-citibike-tripdata_1.csv,NYC,201809,legacy,15,1000000,41982405,,skipped_duplicate
2018-citibike-tripdata.zip,2018-citibike-tripdata/9_September/201809-citibike-tripdata_2.csv,NYC,201809,legacy,15,877884,36888142,,skipped_duplicate
2018-citibike-tripdata.zip,2018-citibike-tripdata/8_August/201808-citibike-tripdata_2.csv,NYC,201808,legacy,15,977177,41113143,,skipped_duplicate
2018-citibike-tripdata.zip,2018-citibike-tripdata/8_August/201808-citibike-tripdata_1.csv,NYC,201808,legacy,15,1000000,41928912,,skipped_duplicate
2018-citibike-tripdata.zip,2018-citibike-tripdata/6_June/201806-citibike-tripdata_1.csv,NYC,201806,legacy,15,1000000,32394796,,skipped_duplicate
2018-citibike-tripdata.zip,2018-citibike-tripdata/6_June/201806-citibike-tripdata_2.csv,NYC,201806,legacy,15,953103,30389620,,skipped_duplicate
2018-citibike-tripdata.zip,2018-citibike-tripdata/3_March/201803-citibike-tripdata_1.csv,NYC,201803,legacy,15,976672,30880372,,skipped_duplicate
2018-citibike-tripdata.zip,2018-citibike-tripdata/1_January/201801-citibike-tripdata_1.csv,NYC,201801,legacy,15,718994,22608050,,skipped_duplicate
2018-citibike-tripdata.zip,2018-citibike-tripdata/2_February/201802-citibike-tripdata_1.csv,NYC,201802,legacy,15,843114,26680204,,skipped_duplicate
2018-citibike-tripdata.zip,2018-citibike-tripdata/5_May/201805-citibike-tripdata_2.csv,NYC,201805,legacy,15,824710,26326121,,skipped_duplicate
2018-citibike-tripdata.zip,2018-citibike-tripdata/5_May/201805-citibike-tripdata_1.csv,NYC,201805,legacy,15,1000000,32325562,,skipped_duplicate
2018-citibike-tripdata.zip,,NYC,,,,,,,source_done
2019-citibike-tripdata.zip,2019-citibike-tripdata/4_April/201904-citibike-tripdata_2.csv,NYC,201904,legacy,15,766094,31891520,gs://msbai-dwd-aw6046-staging/raw/legacy/NYC/201904/201904-citibike-tripdata_2.csv.gz,staged
2019-citibike-tripdata.zip,2019-citibike-tripdata/4_April/201904-citibike-tripdata_1.csv,NYC,201904,legacy,15,1000000,41690979,gs://msbai-dwd-aw6046-staging/raw/legacy/NYC/201904/201904-citibike-tripdata_1.csv.gz,staged
2019-citibike-tripdata.zip,2019-citibike-tripdata/12_December/201912-citibike-tripdata_1.csv,NYC,201912,legacy,15,955210,39910592,gs://msbai-dwd-aw6046-staging/raw/legacy/NYC/201912/201912-citibike-tripdata_1.csv.gz,staged
2019-citibike-tripdata.zip,2019-citibike-tripdata/11_November/201911-citibike-tripdata_1.csv,NYC,201911,legacy,15,1000000,41487455,gs://msbai-dwd-aw6046-staging/raw/legacy/NYC/201911/201911-citibike-tripdata_1.csv.gz,staged
2019-citibike-tripdata.zip,2019-citibike-tripdata/11_November/201911-citibike-tripdata_2.csv,NYC,201911,legacy,15,478708,19911796,gs://msbai-dwd-aw6046-staging/raw/legacy/NYC/201911/201911-citibike-tripdata_2.csv.gz,staged
2019-citibike-tripdata.zip,2019-citibike-tripdata/7_July/201907-citibike-tripdata_1.csv,NYC,201907,legacy,15,1000000,42212557,gs://msbai-dwd-aw6046-staging/raw/legacy/NYC/201907/201907-citibike-tripdata_1.csv.gz,staged
2019-citibike-tripdata.zip,2019-citibike-tripdata/7_July/201907-citibike-tripdata_3.csv,NYC,201907,legacy,15,181064,7637062,gs://msbai-dwd-aw6046-staging/raw/legacy/NYC/201907/201907-citibike-tripdata_3.csv.gz,staged
2019-citibike-tripdata.zip,2019-citibike-tripdata/7_July/201907-citibike-tripdata_2.csv,NYC,201907,legacy,15,1000000,42116180,gs://msbai-dwd-aw6046-staging/raw/legacy/NYC/201907/201907-citibike-tripdata_2.csv.gz,staged
2019-citibike-tripdata.zip,2019-citibike-tripdata/10_October/201910-citibike-tripdata_3.csv,NYC,201910,legacy,15,92573,3832023,gs://msbai-dwd-aw6046-staging/raw/legacy/NYC/201910/201910-citibike-tripdata_3.csv.gz,staged
2019-citibike-tripdata.zip,2019-citibike-tripdata/10_October/201910-citibike-tripdata_2.csv,NYC,201910,legacy,15,1000000,41385069,gs://msbai-dwd-aw6046-staging/raw/legacy/NYC/201910/201910-citibike-tripdata_2.csv.gz,staged
2019-citibike-tripdata.zip,2019-citibike-tripdata/10_October/201910-citibike-tripdata_1.csv,NYC,201910,legacy,15,1000000,41474393,gs://msbai-dwd-aw6046-staging/raw/legacy/NYC/201910/201910-citibike-tripdata_1.csv.gz,staged
2019-citibike-tripdata.zip,2019-citibike-tripdata/9_September/201909-citibike-tripdata_3.csv,NYC,201909,legacy,15,444900,18452740,gs://msbai-dwd-aw6046-staging/raw/legacy/NYC/201909/201909-citibike-tripdata_3.csv.gz,staged
2019-citibike-tripdata.zip,2019-citibike-tripdata/9_September/201909-citibike-tripdata_2.csv,NYC,201909,legacy,15,1000000,41372276,gs://msbai-dwd-aw6046-staging/raw/legacy/NYC/201909/201909-citibike-tripdata_2.csv.gz,staged
2019-citibike-tripdata.zip,2019-citibike-tripdata/9_September/201909-citibike-tripdata_1.csv,NYC,201909,legacy,15,1000000,41456194,gs://msbai-dwd-aw6046-staging/raw/legacy/NYC/201909/201909-citibike-tripdata_1.csv.gz,staged
2019-citibike-tripdata.zip,2019-citibike-tripdata/8_August/201908-citibike-tripdata_1.csv,NYC,201908,legacy,15,1000000,42007837,gs://msbai-dwd-aw6046-staging/raw/legacy/NYC/201908/201908-citibike-tripdata_1.csv.gz,staged
2019-citibike-tripdata.zip,2019-citibike-tripdata/8_August/201908-citibike-tripdata_2.csv,NYC,201908,legacy,15,1000000,42022032,gs://msbai-dwd-aw6046-staging/raw/legacy/NYC/201908/201908-citibike-tripdata_2.csv.gz,staged
2019-citibike-tripdata.zip,2019-citibike-tripdata/8_August/201908-citibike-tripdata_3.csv,NYC,201908,legacy,15,344224,14507831,gs://msbai-dwd-aw6046-staging/raw/legacy/NYC/201908/201908-citibike-tripdata_3.csv.gz,staged
2019-citibike-tripdata.zip,2019-citibike-tripdata/6_June/201906-citibike-tripdata_2.csv,NYC,201906,legacy,15,1000000,41730789,gs://msbai-dwd-aw6046-staging/raw/legacy/NYC/201906/201906-citibike-tripdata_2.csv.gz,staged
2019-citibike-tripdata.zip,2019-citibike-tripdata/6_June/201906-citibike-tripdata_3.csv,NYC,201906,legacy,15,125370,5201936,gs://msbai-dwd-aw6046-staging/raw/legacy/NYC/201906/201906-citibike-tripdata_3.csv.gz,staged
2019-citibike-tripdata.zip,2019-citibike-tripdata/6_June/201906-citibike-tripdata_1.csv,NYC,201906,legacy,15,1000000,41623024,gs://msbai-dwd-aw6046-staging/raw/legacy/NYC/201906/201906-citibike-tripdata_1.csv.gz,staged
2019-citibike-tripdata.zip,2019-citibike-tripdata/3_March/201903-citibike-tripdata_1.csv,NYC,201903,legacy,15,1000000,42406236,gs://msbai-dwd-aw6046-staging/raw/legacy/NYC/201903/201903-citibike-tripdata_1.csv.gz,staged
2019-citibike-tripdata.zip,2019-citibike-tripdata/3_March/201903-citibike-tripdata_2.csv,NYC,201903,legacy,15,327960,13891654,gs://msbai-dwd-aw6046-staging/raw/legacy/NYC/201903/201903-citibike-tripdata_2.csv.gz,staged
2019-citibike-tripdata.zip,2019-citibike-tripdata/1_January/201901-citibike-tripdata_1.csv,NYC,201901,legacy,15,967287,40793097,gs://msbai-dwd-aw6046-staging/raw/legacy/NYC/201901/201901-citibike-tripdata_1.csv.gz,staged
2019-citibike-tripdata.zip,2019-citibike-tripdata/2_February/201902-citibike-tripdata_1.csv,NYC,201902,legacy,15,943744,39804180,gs://msbai-dwd-aw6046-staging/raw/legacy/NYC/201902/201902-citibike-tripdata_1.csv.gz,staged
2019-citibike-tripdata.zip,2019-citibike-tripdata/5_May/201905-citibike-tripdata_1.csv,NYC,201905,legacy,15,1000000,41555113,gs://msbai-dwd-aw6046-staging/raw/legacy/NYC/201905/201905-citibike-tripdata_1.csv.gz,staged
2019-citibike-tripdata.zip,2019-citibike-tripdata/5_May/201905-citibike-tripdata_2.csv,NYC,201905,legacy,15,924563,38319218,gs://msbai-dwd-aw6046-staging/raw/legacy/NYC/201905/201905-citibike-tripdata_2.csv.gz,staged
2019-citibike-tripdata.zip,,NYC,,,,,,,source_done
2020-citibike-tripdata.zip,202004-citibike-tripdata_1.csv,NYC,202004,current,13,684521,27862134,gs://msbai-dwd-aw6046-staging/raw/current/NYC/202004/202004-citibike-tripdata_1.csv.gz,staged
2020-citibike-tripdata.zip,202012-citibike-tripdata_1.csv,NYC,202012,current,13,1000000,38860865,gs://msbai-dwd-aw6046-staging/raw/current/NYC/202012/202012-citibike-tripdata_1.csv.gz,staged
2020-citibike-tripdata.zip,202012-citibike-tripdata_2.csv,NYC,202012,current,13,92416,3535482,gs://msbai-dwd-aw6046-staging/raw/current/NYC/202012/202012-citibike-tripdata_2.csv.gz,staged
2020-citibike-tripdata.zip,202006-citibike-tripdata_1.csv,NYC,202006,current,13,1000000,39486217,gs://msbai-dwd-aw6046-staging/raw/current/NYC/202006/202006-citibike-tripdata_1.csv.gz,staged
2020-citibike-tripdata.zip,202006-citibike-tripdata_2.csv,NYC,202006,current,13,888316,34504298,gs://msbai-dwd-aw6046-staging/raw/current/NYC/202006/202006-citibike-tripdata_2.csv.gz,staged
2020-citibike-tripdata.zip,202010-citibike-tripdata_1.csv,NYC,202010,current,13,1000000,36333980,gs://msbai-dwd-aw6046-staging/raw/current/NYC/202010/202010-citibike-tripdata_1.csv.gz,staged
2020-citibike-tripdata.zip,202010-citibike-tripdata_2.csv,NYC,202010,current,13,1000000,35711690,gs://msbai-dwd-aw6046-staging/raw/current/NYC/202010/202010-citibike-tripdata_2.csv.gz,staged
2020-citibike-tripdata.zip,202010-citibike-tripdata_3.csv,NYC,202010,current,13,255225,9155108,gs://msbai-dwd-aw6046-staging/raw/current/NYC/202010/202010-citibike-tripdata_3.csv.gz,staged
2020-citibike-tripdata.zip,202008-citibike-tripdata_3.csv,NYC,202008,current,13,336096,12618878,gs://msbai-dwd-aw6046-staging/raw/current/NYC/202008/202008-citibike-tripdata_3.csv.gz,staged
2020-citibike-tripdata.zip,202008-citibike-tripdata_2.csv,NYC,202008,current,13,1000000,37966349,gs://msbai-dwd-aw6046-staging/raw/current/NYC/202008/202008-citibike-tripdata_2.csv.gz,staged
2020-citibike-tripdata.zip,202008-citibike-tripdata_1.csv,NYC,202008,current,13,1000000,37946468,gs://msbai-dwd-aw6046-staging/raw/current/NYC/202008/202008-citibike-tripdata_1.csv.gz,staged
2020-citibike-tripdata.zip,202002-citibike-tripdata_1.csv,NYC,202002,current,13,1000000,38705854,gs://msbai-dwd-aw6046-staging/raw/current/NYC/202002/202002-citibike-tripdata_1.csv.gz,staged
2020-citibike-tripdata.zip,202002-citibike-tripdata_2.csv,NYC,202002,current,13,149589,5749452,gs://msbai-dwd-aw6046-staging/raw/current/NYC/202002/202002-citibike-tripdata_2.csv.gz,staged
2020-citibike-tripdata.zip,202005-citibike-tripdata_2.csv,NYC,202005,current,13,491554,19003762,gs://msbai-dwd-aw6046-staging/raw/current/NYC/202005/202005-citibike-tripdata_2.csv.gz,staged
2020-citibike-tripdata.zip,202005-citibike-tripdata_1.csv,NYC,202005,current,13,1000000,39957700,gs://msbai-dwd-aw6046-staging/raw/current/NYC/202005/202005-citibike-tripdata_1.csv.gz,staged
2020-citibike-tripdata.zip,202011-citibike-tripdata_2.csv,NYC,202011,current,13,742298,27970629,gs://msbai-dwd-aw6046-staging/raw/current/NYC/202011/202011-citibike-tripdata_2.csv.gz,staged
2020-citibike-tripdata.zip,202011-citibike-tripdata_1.csv,NYC,202011,current,13,1000000,38117471,gs://msbai-dwd-aw6046-staging/raw/current/NYC/202011/202011-citibike-tripdata_1.csv.gz,staged
2020-citibike-tripdata.zip,202007-citibike-tripdata_2.csv,NYC,202007,current,13,1000000,39242761,gs://msbai-dwd-aw6046-staging/raw/current/NYC/202007/202007-citibike-tripdata_2.csv.gz,staged
2020-citibike-tripdata.zip,202007-citibike-tripdata_3.csv,NYC,202007,current,13,111951,4401951,gs://msbai-dwd-aw6046-staging/raw/current/NYC/202007/202007-citibike-tripdata_3.csv.gz,staged
2020-citibike-tripdata.zip,202007-citibike-tripdata_1.csv,NYC,202007,current,13,1000000,39638102,gs://msbai-dwd-aw6046-staging/raw/current/NYC/202007/202007-citibike-tripdata_1.csv.gz,staged
2020-citibike-tripdata.zip,202009-citibike-tripdata_1.csv,NYC,202009,current,13,1000000,38806724,gs://msbai-dwd-aw6046-staging/raw/current/NYC/202009/202009-citibike-tripdata_1.csv.gz,staged
2020-citibike-tripdata.zip,202009-citibike-tripdata_2.csv,NYC,202009,current,13,1000000,38417143,gs://msbai-dwd-aw6046-staging/raw/current/NYC/202009/202009-citibike-tripdata_2.csv.gz,staged
2020-citibike-tripdata.zip,202009-citibike-tripdata_3.csv,NYC,202009,current,13,495520,18771432,gs://msbai-dwd-aw6046-staging/raw/current/NYC/202009/202009-citibike-tripdata_3.csv.gz,staged
2020-citibike-tripdata.zip,202001-citibike-tripdata_2.csv,NYC,202001,current,13,243407,9024288,gs://msbai-dwd-aw6046-staging/raw/current/NYC/202001/202001-citibike-tripdata_2.csv.gz,staged
2020-citibike-tripdata.zip,202001-citibike-tripdata_1.csv,NYC,202001,current,13,1000000,37405843,gs://msbai-dwd-aw6046-staging/raw/current/NYC/202001/202001-citibike-tripdata_1.csv.gz,staged
2020-citibike-tripdata.zip,202003-citibike-tripdata_2.csv,NYC,202003,current,13,71421,2767868,gs://msbai-dwd-aw6046-staging/raw/current/NYC/202003/202003-citibike-tripdata_2.csv.gz,staged
2020-citibike-tripdata.zip,202003-citibike-tripdata_1.csv,NYC,202003,current,13,1000000,39239392,gs://msbai-dwd-aw6046-staging/raw/current/NYC/202003/202003-citibike-tripdata_1.csv.gz,staged
2020-citibike-tripdata.zip,,NYC,,,,,,,source_done
2021-citibike-tripdata.zip,202107-citibike-tripdata_4.csv,NYC,202107,current,13,21509,851965,gs://msbai-dwd-aw6046-staging/raw/current/NYC/202107/202107-citibike-tripdata_4.csv.gz,staged
2021-citibike-tripdata.zip,202107-citibike-tripdata_1.csv,NYC,202107,current,13,1000000,40498998,gs://msbai-dwd-aw6046-staging/raw/current/NYC/202107/202107-citibike-tripdata_1.csv.gz,staged
2021-citibike-tripdata.zip,202107-citibike-tripdata_3.csv,NYC,202107,current,13,1000000,39303611,gs://msbai-dwd-aw6046-staging/raw/current/NYC/202107/202107-citibike-tripdata_3.csv.gz,staged
2021-citibike-tripdata.zip,202107-citibike-tripdata_2.csv,NYC,202107,current,13,1000000,39367344,gs://msbai-dwd-aw6046-staging/raw/current/NYC/202107/202107-citibike-tripdata_2.csv.gz,staged
2021-citibike-tripdata.zip,202111-citibike-tripdata_1.csv,NYC,202111,current,13,1000000,40748855,gs://msbai-dwd-aw6046-staging/raw/current/NYC/202111/202111-citibike-tripdata_1.csv.gz,staged
2021-citibike-tripdata.zip,202111-citibike-tripdata_2.csv,NYC,202111,current,13,1000000,39807749,gs://msbai-dwd-aw6046-staging/raw/current/NYC/202111/202111-citibike-tripdata_2.csv.gz,staged
2021-citibike-tripdata.zip,202111-citibike-tripdata_3.csv,NYC,202111,current,13,113543,4482240,gs://msbai-dwd-aw6046-staging/raw/current/NYC/202111/202111-citibike-tripdata_3.csv.gz,staged
2021-citibike-tripdata.zip,202105-citibike-tripdata_1.csv,NYC,202105,current,13,1000000,39284874,gs://msbai-dwd-aw6046-staging/raw/current/NYC/202105/202105-citibike-tripdata_1.csv.gz,staged
2021-citibike-tripdata.zip,202105-citibike-tripdata_2.csv,NYC,202105,current,13,1000000,39138635,gs://msbai-dwd-aw6046-staging/raw/current/NYC/202105/202105-citibike-tripdata_2.csv.gz,staged
2021-citibike-tripdata.zip,202105-citibike-tripdata_3.csv,NYC,202105,current,13,670048,25800160,gs://msbai-dwd-aw6046-staging/raw/current/NYC/202105/202105-citibike-tripdata_3.csv.gz,staged
2021-citibike-tripdata.zip,202103-citibike-tripdata_1.csv,NYC,202103,current,13,1000000,39630272,gs://msbai-dwd-aw6046-staging/raw/current/NYC/202103/202103-citibike-tripdata_1.csv.gz,staged
2021-citibike-tripdata.zip,202103-citibike-tripdata_2.csv,NYC,202103,current,13,499917,19557507,gs://msbai-dwd-aw6046-staging/raw/current/NYC/202103/202103-citibike-tripdata_2.csv.gz,staged
2021-citibike-tripdata.zip,202101-citibike-tripdata_1.csv,NYC,202101,current,13,1000000,40636453,gs://msbai-dwd-aw6046-staging/raw/current/NYC/202101/202101-citibike-tripdata_1.csv.gz,staged
2021-citibike-tripdata.zip,202101-citibike-tripdata_2.csv,NYC,202101,current,13,98300,3895384,gs://msbai-dwd-aw6046-staging/raw/current/NYC/202101/202101-citibike-tripdata_2.csv.gz,staged
2021-citibike-tripdata.zip,202109-citibike-tripdata_3.csv,NYC,202109,current,13,1000000,39791672,gs://msbai-dwd-aw6046-staging/raw/current/NYC/202109/202109-citibike-tripdata_3.csv.gz,staged
2021-citibike-tripdata.zip,202109-citibike-tripdata_2.csv,NYC,202109,current,13,1000000,39544631,gs://msbai-dwd-aw6046-staging/raw/current/NYC/202109/202109-citibike-tripdata_2.csv.gz,staged
2021-citibike-tripdata.zip,202109-citibike-tripdata_1.csv,NYC,202109,current,13,1000000,40582226,gs://msbai-dwd-aw6046-staging/raw/current/NYC/202109/202109-citibike-tripdata_1.csv.gz,staged
2021-citibike-tripdata.zip,202109-citibike-tripdata_4.csv,NYC,202109,current,13,219934,8798543,gs://msbai-dwd-aw6046-staging/raw/current/NYC/202109/202109-citibike-tripdata_4.csv.gz,staged
2021-citibike-tripdata.zip,202110-citibike-tripdata_3.csv,NYC,202110,current,13,1000000,39103846,gs://msbai-dwd-aw6046-staging/raw/current/NYC/202110/202110-citibike-tripdata_3.csv.gz,staged
2021-citibike-tripdata.zip,202110-citibike-tripdata_2.csv,NYC,202110,current,13,1000000,39561838,gs://msbai-dwd-aw6046-staging/raw/current/NYC/202110/202110-citibike-tripdata_2.csv.gz,staged
2021-citibike-tripdata.zip,202110-citibike-tripdata_1.csv,NYC,202110,current,13,1000000,40709107,gs://msbai-dwd-aw6046-staging/raw/current/NYC/202110/202110-citibike-tripdata_1.csv.gz,staged
2021-citibike-tripdata.zip,202110-citibike-tripdata_4.csv,NYC,202110,current,13,10986,438711,gs://msbai-dwd-aw6046-staging/raw/current/NYC/202110/202110-citibike-tripdata_4.csv.gz,staged
2021-citibike-tripdata.zip,202106-citibike-tripdata_2.csv,NYC,202106,current,13,1000000,39190312,gs://msbai-dwd-aw6046-staging/raw/current/NYC/202106/202106-citibike-tripdata_2.csv.gz,staged
2021-citibike-tripdata.zip,202106-citibike-tripdata_3.csv,NYC,202106,current,13,1000000,38805033,gs://msbai-dwd-aw6046-staging/raw/current/NYC/202106/202106-citibike-tripdata_3.csv.gz,staged
2021-citibike-tripdata.zip,202106-citibike-tripdata_1.csv,NYC,202106,current,13,1000000,39097340,gs://msbai-dwd-aw6046-staging/raw/current/NYC/202106/202106-citibike-tripdata_1.csv.gz,staged
2021-citibike-tripdata.zip,202106-citibike-tripdata_4.csv,NYC,202106,current,13,113405,4151066,gs://msbai-dwd-aw6046-staging/raw/current/NYC/202106/202106-citibike-tripdata_4.csv.gz,staged
2021-citibike-tripdata.zip,202112-citibike-tripdata_2.csv,NYC,202112,current,13,706501,28507939,gs://msbai-dwd-aw6046-staging/raw/current/NYC/202112/202112-citibike-tripdata_2.csv.gz,staged
2021-citibike-tripdata.zip,202112-citibike-tripdata_1.csv,NYC,202112,current,13,1000000,41330311,gs://msbai-dwd-aw6046-staging/raw/current/NYC/202112/202112-citibike-tripdata_1.csv.gz,staged
2021-citibike-tripdata.zip,202104-citibike-tripdata_3.csv,NYC,202104,current,13,25992,991520,gs://msbai-dwd-aw6046-staging/raw/current/NYC/202104/202104-citibike-tripdata_3.csv.gz,staged
2021-citibike-tripdata.zip,202104-citibike-tripdata_2.csv,NYC,202104,current,13,1000000,38120627,gs://msbai-dwd-aw6046-staging/raw/current/NYC/202104/202104-citibike-tripdata_2.csv.gz,staged
2021-citibike-tripdata.zip,202104-citibike-tripdata_1.csv,NYC,202104,current,13,1000000,37922569,gs://msbai-dwd-aw6046-staging/raw/current/NYC/202104/202104-citibike-tripdata_1.csv.gz,staged
2021-citibike-tripdata.zip,202102-citibike-tripdata_1.csv,NYC,202102,current,13,636789,26885202,gs://msbai-dwd-aw6046-staging/raw/current/NYC/202102/202102-citibike-tripdata_1.csv.gz,staged
2021-citibike-tripdata.zip,202108-citibike-tripdata_4.csv,NYC,202108,current,13,13198,524891,gs://msbai-dwd-aw6046-staging/raw/current/NYC/202108/202108-citibike-tripdata_4.csv.gz,staged
2021-citibike-tripdata.zip,202108-citibike-tripdata_1.csv,NYC,202108,current,13,1000000,39847551,gs://msbai-dwd-aw6046-staging/raw/current/NYC/202108/202108-citibike-tripdata_1.csv.gz,staged
2021-citibike-tripdata.zip,202108-citibike-tripdata_2.csv,NYC,202108,current,13,1000000,38915377,gs://msbai-dwd-aw6046-staging/raw/current/NYC/202108/202108-citibike-tripdata_2.csv.gz,staged
2021-citibike-tripdata.zip,202108-citibike-tripdata_3.csv,NYC,202108,current,13,1000000,38596526,gs://msbai-dwd-aw6046-staging/raw/current/NYC/202108/202108-citibike-tripdata_3.csv.gz,staged
2021-citibike-tripdata.zip,,NYC,,,,,,,source_done
2022-citibike-tripdata.zip,202209-citibike-tripdata_4.csv,NYC,202209,current,13,411866,17019011,gs://msbai-dwd-aw6046-staging/raw/current/NYC/202209/202209-citibike-tripdata_4.csv.gz,staged
2022-citibike-tripdata.zip,202209-citibike-tripdata_1.csv,NYC,202209,current,13,1000000,42820644,gs://msbai-dwd-aw6046-staging/raw/current/NYC/202209/202209-citibike-tripdata_1.csv.gz,staged
2022-citibike-tripdata.zip,202209-citibike-tripdata_2.csv,NYC,202209,current,13,1000000,41698747,gs://msbai-dwd-aw6046-staging/raw/current/NYC/202209/202209-citibike-tripdata_2.csv.gz,staged
2022-citibike-tripdata.zip,202209-citibike-tripdata_3.csv,NYC,202209,current,13,1000000,41997814,gs://msbai-dwd-aw6046-staging/raw/current/NYC/202209/202209-citibike-tripdata_3.csv.gz,staged
2022-citibike-tripdata.zip,202201-citibike-tripdata_2.csv,NYC,202201,current,13,24555,967440,gs://msbai-dwd-aw6046-staging/raw/current/NYC/202201/202201-citibike-tripdata_2.csv.gz,staged
2022-citibike-tripdata.zip,202201-citibike-tripdata_1.csv,NYC,202201,current,13,1000000,40203476,gs://msbai-dwd-aw6046-staging/raw/current/NYC/202201/202201-citibike-tripdata_1.csv.gz,staged
2022-citibike-tripdata.zip,202203-citibike-tripdata_2.csv,NYC,202203,current,13,845965,34388162,gs://msbai-dwd-aw6046-staging/raw/current/NYC/202203/202203-citibike-tripdata_2.csv.gz,staged
2022-citibike-tripdata.zip,202203-citibike-tripdata_1.csv,NYC,202203,current,13,1000000,41245618,gs://msbai-dwd-aw6046-staging/raw/current/NYC/202203/202203-citibike-tripdata_1.csv.gz,staged
2022-citibike-tripdata.zip,202205-citibike-tripdata_3.csv,NYC,202205,current,13,865425,34382467,gs://msbai-dwd-aw6046-staging/raw/current/NYC/202205/202205-citibike-tripdata_3.csv.gz,staged
2022-citibike-tripdata.zip,202205-citibike-tripdata_2.csv,NYC,202205,current,13,1000000,40311948,gs://msbai-dwd-aw6046-staging/raw/current/NYC/202205/202205-citibike-tripdata_2.csv.gz,staged
2022-citibike-tripdata.zip,202205-citibike-tripdata_1.csv,NYC,202205,current,13,1000000,41803588,gs://msbai-dwd-aw6046-staging/raw/current/NYC/202205/202205-citibike-tripdata_1.csv.gz,staged
2022-citibike-tripdata.zip,202207-citibike-tripdata_2.csv,NYC,202207,current,13,1000000,41536514,gs://msbai-dwd-aw6046-staging/raw/current/NYC/202207/202207-citibike-tripdata_2.csv.gz,staged
2022-citibike-tripdata.zip,202207-citibike-tripdata_3.csv,NYC,202207,current,13,1000000,41842471,gs://msbai-dwd-aw6046-staging/raw/current/NYC/202207/202207-citibike-tripdata_3.csv.gz,staged
2022-citibike-tripdata.zip,202207-citibike-tripdata_1.csv,NYC,202207,current,13,1000000,41331217,gs://msbai-dwd-aw6046-staging/raw/current/NYC/202207/202207-citibike-tripdata_1.csv.gz,staged
2022-citibike-tripdata.zip,202207-citibike-tripdata_4.csv,NYC,202207,current,13,397932,15760938,gs://msbai-dwd-aw6046-staging/raw/current/NYC/202207/202207-citibike-tripdata_4.csv.gz,staged
2022-citibike-tripdata.zip,202211-citibike-tripdata_3.csv,NYC,202211,current,13,386394,15844207,gs://msbai-dwd-aw6046-staging/raw/current/NYC/202211/202211-citibike-tripdata_3.csv.gz,staged
2022-citibike-tripdata.zip,202211-citibike-tripdata_2.csv,NYC,202211,current,13,1000000,41730901,gs://msbai-dwd-aw6046-staging/raw/current/NYC/202211/202211-citibike-tripdata_2.csv.gz,staged
2022-citibike-tripdata.zip,202211-citibike-tripdata_1.csv,NYC,202211,current,13,1000000,41599112,gs://msbai-dwd-aw6046-staging/raw/current/NYC/202211/202211-citibike-tripdata_1.csv.gz,staged
2022-citibike-tripdata.zip,202208-citibike-tripdata_3.csv,NYC,202208,current,13,1000000,41834308,gs://msbai-dwd-aw6046-staging/raw/current/NYC/202208/202208-citibike-tripdata_3.csv.gz,staged
2022-citibike-tripdata.zip,202208-citibike-tripdata_2.csv,NYC,202208,current,13,1000000,42291223,gs://msbai-dwd-aw6046-staging/raw/current/NYC/202208/202208-citibike-tripdata_2.csv.gz,staged
2022-citibike-tripdata.zip,202208-citibike-tripdata_1.csv,NYC,202208,current,13,1000000,42568675,gs://msbai-dwd-aw6046-staging/raw/current/NYC/202208/202208-citibike-tripdata_1.csv.gz,staged
2022-citibike-tripdata.zip,202208-citibike-tripdata_4.csv,NYC,202208,current,13,576020,24130024,gs://msbai-dwd-aw6046-staging/raw/current/NYC/202208/202208-citibike-tripdata_4.csv.gz,staged
2022-citibike-tripdata.zip,202202-citibike-tripdata_1.csv,NYC,202202,current,13,1000000,41852090,gs://msbai-dwd-aw6046-staging/raw/current/NYC/202202/202202-citibike-tripdata_1.csv.gz,staged
2022-citibike-tripdata.zip,202202-citibike-tripdata_2.csv,NYC,202202,current,13,197312,8184299,gs://msbai-dwd-aw6046-staging/raw/current/NYC/202202/202202-citibike-tripdata_2.csv.gz,staged
2022-citibike-tripdata.zip,202212-citibike-tripdata_1.csv,NYC,202212,current,13,1000000,43437165,gs://msbai-dwd-aw6046-staging/raw/current/NYC/202212/202212-citibike-tripdata_1.csv.gz,staged
2022-citibike-tripdata.zip,202212-citibike-tripdata_2.csv,NYC,202212,current,13,592049,25213211,gs://msbai-dwd-aw6046-staging/raw/current/NYC/202212/202212-citibike-tripdata_2.csv.gz,staged
2022-citibike-tripdata.zip,202204-citibike-tripdata_1.csv,NYC,202204,current,13,1000000,40449532,gs://msbai-dwd-aw6046-staging/raw/current/NYC/202204/202204-citibike-tripdata_1.csv.gz,staged
2022-citibike-tripdata.zip,202204-citibike-tripdata_2.csv,NYC,202204,current,13,1000000,39435706,gs://msbai-dwd-aw6046-staging/raw/current/NYC/202204/202204-citibike-tripdata_2.csv.gz,staged
2022-citibike-tripdata.zip,202204-citibike-tripdata_3.csv,NYC,202204,current,13,260790,10161866,gs://msbai-dwd-aw6046-staging/raw/current/NYC/202204/202204-citibike-tripdata_3.csv.gz,staged
2022-citibike-tripdata.zip,202210-citibike-tripdata_1.csv,NYC,202210,current,13,1000000,43191229,gs://msbai-dwd-aw6046-staging/raw/current/NYC/202210/202210-citibike-tripdata_1.csv.gz,staged
2022-citibike-tripdata.zip,202210-citibike-tripdata_2.csv,NYC,202210,current,13,1000000,42398379,gs://msbai-dwd-aw6046-staging/raw/current/NYC/202210/202210-citibike-tripdata_2.csv.gz,staged
2022-citibike-tripdata.zip,202210-citibike-tripdata_3.csv,NYC,202210,current,13,936584,39351887,gs://msbai-dwd-aw6046-staging/raw/current/NYC/202210/202210-citibike-tripdata_3.csv.gz,staged
2022-citibike-tripdata.zip,202206-citibike-tripdata_4.csv,NYC,202206,current,13,343914,13158673,gs://msbai-dwd-aw6046-staging/raw/current/NYC/202206/202206-citibike-tripdata_4.csv.gz,staged
2022-citibike-tripdata.zip,202206-citibike-tripdata_1.csv,NYC,202206,current,13,1000000,39923652,gs://msbai-dwd-aw6046-staging/raw/current/NYC/202206/202206-citibike-tripdata_1.csv.gz,staged
2022-citibike-tripdata.zip,202206-citibike-tripdata_3.csv,NYC,202206,current,13,1000000,38519100,gs://msbai-dwd-aw6046-staging/raw/current/NYC/202206/202206-citibike-tripdata_3.csv.gz,staged
2022-citibike-tripdata.zip,202206-citibike-tripdata_2.csv,NYC,202206,current,13,1000000,38790854,gs://msbai-dwd-aw6046-staging/raw/current/NYC/202206/202206-citibike-tripdata_2.csv.gz,staged
2022-citibike-tripdata.zip,,NYC,,,,,,,source_done
2023-citibike-tripdata.zip,202302-citibike-tripdata_2.csv,NYC,202302,current,13,696166,33735857,gs://msbai-dwd-aw6046-staging/raw/current/NYC/202302/202302-citibike-tripdata_2.csv.gz,staged
2023-citibike-tripdata.zip,202302-citibike-tripdata_1.csv,NYC,202302,current,13,1000000,48430667,gs://msbai-dwd-aw6046-staging/raw/current/NYC/202302/202302-citibike-tripdata_1.csv.gz,staged
2023-citibike-tripdata.zip,202308-citibike-tripdata_4.csv,NYC,202308,current,13,964177,44989896,gs://msbai-dwd-aw6046-staging/raw/current/NYC/202308/202308-citibike-tripdata_4.csv.gz,staged
2023-citibike-tripdata.zip,202308-citibike-tripdata_1.csv,NYC,202308,current,13,1000000,47346957,gs://msbai-dwd-aw6046-staging/raw/current/NYC/202308/202308-citibike-tripdata_1.csv.gz,staged
2023-citibike-tripdata.zip,202308-citibike-tripdata_2.csv,NYC,202308,current,13,1000000,47257985,gs://msbai-dwd-aw6046-staging/raw/current/NYC/202308/202308-citibike-tripdata_2.csv.gz,staged
2023-citibike-tripdata.zip,202308-citibike-tripdata_3.csv,NYC,202308,current,13,1000000,47182385,gs://msbai-dwd-aw6046-staging/raw/current/NYC/202308/202308-citibike-tripdata_3.csv.gz,staged
2023-citibike-tripdata.zip,202306-citibike-tripdata_2.csv,NYC,202306,current,13,1000000,43390435,gs://msbai-dwd-aw6046-staging/raw/current/NYC/202306/202306-citibike-tripdata_2.csv.gz,staged
2023-citibike-tripdata.zip,202306-citibike-tripdata_3.csv,NYC,202306,current,13,1000000,39818253,gs://msbai-dwd-aw6046-staging/raw/current/NYC/202306/202306-citibike-tripdata_3.csv.gz,staged
2023-citibike-tripdata.zip,202306-citibike-tripdata_1.csv,NYC,202306,current,13,1000000,46862230,gs://msbai-dwd-aw6046-staging/raw/current/NYC/202306/202306-citibike-tripdata_1.csv.gz,staged
2023-citibike-tripdata.zip,202306-citibike-tripdata_4.csv,NYC,202306,current,13,451542,17882995,gs://msbai-dwd-aw6046-staging/raw/current/NYC/202306/202306-citibike-tripdata_4.csv.gz,staged
2023-citibike-tripdata.zip,202310-citibike-tripdata_3.csv,NYC,202310,current,13,1000000,46874928,gs://msbai-dwd-aw6046-staging/raw/current/NYC/202310/202310-citibike-tripdata_3.csv.gz,staged
2023-citibike-tripdata.zip,202310-citibike-tripdata_2.csv,NYC,202310,current,13,1000000,46158870,gs://msbai-dwd-aw6046-staging/raw/current/NYC/202310/202310-citibike-tripdata_2.csv.gz,staged
2023-citibike-tripdata.zip,202310-citibike-tripdata_1.csv,NYC,202310,current,13,1000000,46789875,gs://msbai-dwd-aw6046-staging/raw/current/NYC/202310/202310-citibike-tripdata_1.csv.gz,staged
2023-citibike-tripdata.zip,202310-citibike-tripdata_4.csv,NYC,202310,current,13,725334,33882718,gs://msbai-dwd-aw6046-staging/raw/current/NYC/202310/202310-citibike-tripdata_4.csv.gz,staged
2023-citibike-tripdata.zip,202304-citibike-tripdata_3.csv,NYC,202304,current,13,749713,35564665,gs://msbai-dwd-aw6046-staging/raw/current/NYC/202304/202304-citibike-tripdata_3.csv.gz,staged
2023-citibike-tripdata.zip,202304-citibike-tripdata_2.csv,NYC,202304,current,13,1000000,47881342,gs://msbai-dwd-aw6046-staging/raw/current/NYC/202304/202304-citibike-tripdata_2.csv.gz,staged
2023-citibike-tripdata.zip,202304-citibike-tripdata_1.csv,NYC,202304,current,13,1000000,48150354,gs://msbai-dwd-aw6046-staging/raw/current/NYC/202304/202304-citibike-tripdata_1.csv.gz,staged
2023-citibike-tripdata.zip,202312-citibike-tripdata_2.csv,NYC,202312,current,13,1000000,44915980,gs://msbai-dwd-aw6046-staging/raw/current/NYC/202312/202312-citibike-tripdata_2.csv.gz,staged
2023-citibike-tripdata.zip,202312-citibike-tripdata_3.csv,NYC,202312,current,13,204874,9010585,gs://msbai-dwd-aw6046-staging/raw/current/NYC/202312/202312-citibike-tripdata_3.csv.gz,staged
2023-citibike-tripdata.zip,202312-citibike-tripdata_1.csv,NYC,202312,current,13,1000000,44294898,gs://msbai-dwd-aw6046-staging/raw/current/NYC/202312/202312-citibike-tripdata_1.csv.gz,staged
2023-citibike-tripdata.zip,202303-citibike-tripdata_1.csv,NYC,202303,current,13,1000000,47492375,gs://msbai-dwd-aw6046-staging/raw/current/NYC/202303/202303-citibike-tripdata_1.csv.gz,staged
2023-citibike-tripdata.zip,202303-citibike-tripdata_2.csv,NYC,202303,current,13,1000000,45005126,gs://msbai-dwd-aw6046-staging/raw/current/NYC/202303/202303-citibike-tripdata_2.csv.gz,staged
2023-citibike-tripdata.zip,202303-citibike-tripdata_3.csv,NYC,202303,current,13,118930,5345467,gs://msbai-dwd-aw6046-staging/raw/current/NYC/202303/202303-citibike-tripdata_3.csv.gz,staged
2023-citibike-tripdata.zip,202301-citibike-tripdata_1.csv,NYC,202301,current,13,1000000,48564325,gs://msbai-dwd-aw6046-staging/raw/current/NYC/202301/202301-citibike-tripdata_1.csv.gz,staged
2023-citibike-tripdata.zip,202301-citibike-tripdata_2.csv,NYC,202301,current,13,795405,38712588,gs://msbai-dwd-aw6046-staging/raw/current/NYC/202301/202301-citibike-tripdata_2.csv.gz,staged
2023-citibike-tripdata.zip,202309-citibike-tripdata_3.csv,NYC,202309,current,13,1000000,47510522,gs://msbai-dwd-aw6046-staging/raw/current/NYC/202309/202309-citibike-tripdata_3.csv.gz,staged
2023-citibike-tripdata.zip,202309-citibike-tripdata_2.csv,NYC,202309,current,13,1000000,45880842,gs://msbai-dwd-aw6046-staging/raw/current/NYC/202309/202309-citibike-tripdata_2.csv.gz,staged
2023-citibike-tripdata.zip,202309-citibike-tripdata_1.csv,NYC,202309,current,13,1000000,45975112,gs://msbai-dwd-aw6046-staging/raw/current/NYC/202309/202309-citibike-tripdata_1.csv.gz,staged
2023-citibike-tripdata.zip,202309-citibike-tripdata_4.csv,NYC,202309,current,13,471148,22182177,gs://msbai-dwd-aw6046-staging/raw/current/NYC/202309/202309-citibike-tripdata_4.csv.gz,staged
2023-citibike-tripdata.zip,202311-citibike-tripdata_1.csv,NYC,202311,current,13,1000000,48071553,gs://msbai-dwd-aw6046-staging/raw/current/NYC/202311/202311-citibike-tripdata_1.csv.gz,staged
2023-citibike-tripdata.zip,202311-citibike-tripdata_2.csv,NYC,202311,current,13,1000000,48026734,gs://msbai-dwd-aw6046-staging/raw/current/NYC/202311/202311-citibike-tripdata_2.csv.gz,staged
2023-citibike-tripdata.zip,202311-citibike-tripdata_3.csv,NYC,202311,current,13,816976,39159472,gs://msbai-dwd-aw6046-staging/raw/current/NYC/202311/202311-citibike-tripdata_3.csv.gz,staged
2023-citibike-tripdata.zip,202307-citibike-tripdata_4.csv,NYC,202307,current,13,659577,26428996,gs://msbai-dwd-aw6046-staging/raw/current/NYC/202307/202307-citibike-tripdata_4.csv.gz,staged
2023-citibike-tripdata.zip,202307-citibike-tripdata_1.csv,NYC,202307,current,13,1000000,40692996,gs://msbai-dwd-aw6046-staging/raw/current/NYC/202307/202307-citibike-tripdata_1.csv.gz,staged
2023-citibike-tripdata.zip,202307-citibike-tripdata_3.csv,NYC,202307,current,13,1000000,40581541,gs://msbai-dwd-aw6046-staging/raw/current/NYC/202307/202307-citibike-tripdata_3.csv.gz,staged
2023-citibike-tripdata.zip,202307-citibike-tripdata_2.csv,NYC,202307,current,13,1000000,40329044,gs://msbai-dwd-aw6046-staging/raw/current/NYC/202307/202307-citibike-tripdata_2.csv.gz,staged
2023-citibike-tripdata.zip,202305-citibike-tripdata_4.csv,NYC,202305,current,13,453144,21042643,gs://msbai-dwd-aw6046-staging/raw/current/NYC/202305/202305-citibike-tripdata_4.csv.gz,staged
2023-citibike-tripdata.zip,202305-citibike-tripdata_1.csv,NYC,202305,current,13,1000000,40716766,gs://msbai-dwd-aw6046-staging/raw/current/NYC/202305/202305-citibike-tripdata_1.csv.gz,staged
2023-citibike-tripdata.zip,202305-citibike-tripdata_2.csv,NYC,202305,current,13,1000000,43822236,gs://msbai-dwd-aw6046-staging/raw/current/NYC/202305/202305-citibike-tripdata_2.csv.gz,staged
2023-citibike-tripdata.zip,202305-citibike-tripdata_3.csv,NYC,202305,current,13,1000000,46463622,gs://msbai-dwd-aw6046-staging/raw/current/NYC/202305/202305-citibike-tripdata_3.csv.gz,staged
2023-citibike-tripdata.zip,,NYC,,,,,,,source_done
202401-citibike-tripdata.zip,202401-citibike-tripdata_2.csv,NYC,202401,current,13,888085,41275653,gs://msbai-dwd-aw6046-staging/raw/current/NYC/202401/202401-citibike-tripdata_2.csv.gz,staged
202401-citibike-tripdata.zip,202401-citibike-tripdata_1.csv,NYC,202401,current,13,1000000,44462421,gs://msbai-dwd-aw6046-staging/raw/current/NYC/202401/202401-citibike-tripdata_1.csv.gz,staged
202401-citibike-tripdata.zip,,NYC,,,,,,,source_done
202402-citibike-tripdata.zip,202402-citibike-tripdata_1.csv,NYC,202402,current,13,1000000,41850080,gs://msbai-dwd-aw6046-staging/raw/current/NYC/202402/202402-citibike-tripdata_1.csv.gz,staged
202402-citibike-tripdata.zip,202402-citibike-tripdata_2.csv,NYC,202402,current,13,1000000,46144985,gs://msbai-dwd-aw6046-staging/raw/current/NYC/202402/202402-citibike-tripdata_2.csv.gz,staged
202402-citibike-tripdata.zip,202402-citibike-tripdata_3.csv,NYC,202402,current,13,121501,5585028,gs://msbai-dwd-aw6046-staging/raw/current/NYC/202402/202402-citibike-tripdata_3.csv.gz,staged
202402-citibike-tripdata.zip,,NYC,,,,,,,source_done
202403-citibike-tripdata.zip,202403-citibike-tripdata_3.csv,NYC,202403,current,13,663295,30560392,gs://msbai-dwd-aw6046-staging/raw/current/NYC/202403/202403-citibike-tripdata_3.csv.gz,staged
202403-citibike-tripdata.zip,202403-citibike-tripdata_2.csv,NYC,202403,current,13,1000000,46715419,gs://msbai-dwd-aw6046-staging/raw/current/NYC/202403/202403-citibike-tripdata_2.csv.gz,staged
202403-citibike-tripdata.zip,202403-citibike-tripdata_1.csv,NYC,202403,current,13,1000000,45858318,gs://msbai-dwd-aw6046-staging/raw/current/NYC/202403/202403-citibike-tripdata_1.csv.gz,staged
202403-citibike-tripdata.zip,,NYC,,,,,,,source_done
202404-citibike-tripdata.zip,202404-citibike-tripdata_4.csv,NYC,202404,current,13,217063,10137511,gs://msbai-dwd-aw6046-staging/raw/current/NYC/202404/202404-citibike-tripdata_4.csv.gz,staged
202404-citibike-tripdata.zip,202404-citibike-tripdata_1.csv,NYC,202404,current,13,1000000,47488196,gs://msbai-dwd-aw6046-staging/raw/current/NYC/202404/202404-citibike-tripdata_1.csv.gz,staged
202404-citibike-tripdata.zip,202404-citibike-tripdata_2.csv,NYC,202404,current,13,1000000,47444705,gs://msbai-dwd-aw6046-staging/raw/current/NYC/202404/202404-citibike-tripdata_2.csv.gz,staged
202404-citibike-tripdata.zip,202404-citibike-tripdata_3.csv,NYC,202404,current,13,1000000,46740908,gs://msbai-dwd-aw6046-staging/raw/current/NYC/202404/202404-citibike-tripdata_3.csv.gz,staged
202404-citibike-tripdata.zip,,NYC,,,,,,,source_done
202405-citibike-tripdata.zip,202405-citibike-tripdata_3.csv,NYC,202405,current,13,1000000,45722315,gs://msbai-dwd-aw6046-staging/raw/current/NYC/202405/202405-citibike-tripdata_3.csv.gz,staged
202405-citibike-tripdata.zip,202405-citibike-tripdata_2.csv,NYC,202405,current,13,1000000,46611009,gs://msbai-dwd-aw6046-staging/raw/current/NYC/202405/202405-citibike-tripdata_2.csv.gz,staged
202405-citibike-tripdata.zip,202405-citibike-tripdata_1.csv,NYC,202405,current,13,1000000,47372240,gs://msbai-dwd-aw6046-staging/raw/current/NYC/202405/202405-citibike-tripdata_1.csv.gz,staged
202405-citibike-tripdata.zip,202405-citibike-tripdata_5.csv,NYC,202405,current,13,133961,5927534,gs://msbai-dwd-aw6046-staging/raw/current/NYC/202405/202405-citibike-tripdata_5.csv.gz,staged
202405-citibike-tripdata.zip,202405-citibike-tripdata_4.csv,NYC,202405,current,13,1000000,45310225,gs://msbai-dwd-aw6046-staging/raw/current/NYC/202405/202405-citibike-tripdata_4.csv.gz,staged
202405-citibike-tripdata.zip,,NYC,,,,,,,source_done
202406-citibike-tripdata.zip,202406-citibike-tripdata_5.csv,NYC,202406,current,13,783576,32823249,gs://msbai-dwd-aw6046-staging/raw/current/NYC/202406/202406-citibike-tripdata_5.csv.gz,staged
202406-citibike-tripdata.zip,202406-citibike-tripdata_4.csv,NYC,202406,current,13,1000000,42064861,gs://msbai-dwd-aw6046-staging/raw/current/NYC/202406/202406-citibike-tripdata_4.csv.gz,staged
202406-citibike-tripdata.zip,202406-citibike-tripdata_1.csv,NYC,202406,current,13,1000000,45598934,gs://msbai-dwd-aw6046-staging/raw/current/NYC/202406/202406-citibike-tripdata_1.csv.gz,staged
202406-citibike-tripdata.zip,202406-citibike-tripdata_3.csv,NYC,202406,current,13,1000000,42647307,gs://msbai-dwd-aw6046-staging/raw/current/NYC/202406/202406-citibike-tripdata_3.csv.gz,staged
202406-citibike-tripdata.zip,202406-citibike-tripdata_2.csv,NYC,202406,current,13,1000000,45259384,gs://msbai-dwd-aw6046-staging/raw/current/NYC/202406/202406-citibike-tripdata_2.csv.gz,staged
202406-citibike-tripdata.zip,,NYC,,,,,,,source_done
202407-citibike-tripdata.zip,202407-citibike-tripdata_2.csv,NYC,202407,current,13,1000000,46463692,gs://msbai-dwd-aw6046-staging/raw/current/NYC/202407/202407-citibike-tripdata_2.csv.gz,staged
202407-citibike-tripdata.zip,202407-citibike-tripdata_3.csv,NYC,202407,current,13,1000000,42469162,gs://msbai-dwd-aw6046-staging/raw/current/NYC/202407/202407-citibike-tripdata_3.csv.gz,staged
202407-citibike-tripdata.zip,202407-citibike-tripdata_1.csv,NYC,202407,current,13,1000000,47123411,gs://msbai-dwd-aw6046-staging/raw/current/NYC/202407/202407-citibike-tripdata_1.csv.gz,staged
202407-citibike-tripdata.zip,202407-citibike-tripdata_4.csv,NYC,202407,current,13,1000000,42965165,gs://msbai-dwd-aw6046-staging/raw/current/NYC/202407/202407-citibike-tripdata_4.csv.gz,staged
202407-citibike-tripdata.zip,202407-citibike-tripdata_5.csv,NYC,202407,current,13,722896,30486590,gs://msbai-dwd-aw6046-staging/raw/current/NYC/202407/202407-citibike-tripdata_5.csv.gz,staged
202407-citibike-tripdata.zip,,NYC,,,,,,,source_done
202408-citibike-tripdata.zip,202408-citibike-tripdata_3.csv,NYC,202408,current,13,1000000,40180804,gs://msbai-dwd-aw6046-staging/raw/current/NYC/202408/202408-citibike-tripdata_3.csv.gz,staged
202408-citibike-tripdata.zip,202408-citibike-tripdata_2.csv,NYC,202408,current,13,1000000,41935859,gs://msbai-dwd-aw6046-staging/raw/current/NYC/202408/202408-citibike-tripdata_2.csv.gz,staged
202408-citibike-tripdata.zip,202408-citibike-tripdata_1.csv,NYC,202408,current,13,1000000,42149514,gs://msbai-dwd-aw6046-staging/raw/current/NYC/202408/202408-citibike-tripdata_1.csv.gz,staged
202408-citibike-tripdata.zip,202408-citibike-tripdata_5.csv,NYC,202408,current,13,603575,24446306,gs://msbai-dwd-aw6046-staging/raw/current/NYC/202408/202408-citibike-tripdata_5.csv.gz,staged
202408-citibike-tripdata.zip,202408-citibike-tripdata_4.csv,NYC,202408,current,13,1000000,41005821,gs://msbai-dwd-aw6046-staging/raw/current/NYC/202408/202408-citibike-tripdata_4.csv.gz,staged
202408-citibike-tripdata.zip,,NYC,,,,,,,source_done
202409-citibike-tripdata.zip,202409-citibike-tripdata_4.csv,NYC,202409,current,13,1000000,46563634,gs://msbai-dwd-aw6046-staging/raw/current/NYC/202409/202409-citibike-tripdata_4.csv.gz,staged
202409-citibike-tripdata.zip,202409-citibike-tripdata_5.csv,NYC,202409,current,13,997898,46231925,gs://msbai-dwd-aw6046-staging/raw/current/NYC/202409/202409-citibike-tripdata_5.csv.gz,staged
202409-citibike-tripdata.zip,202409-citibike-tripdata_1.csv,NYC,202409,current,13,1000000,48301517,gs://msbai-dwd-aw6046-staging/raw/current/NYC/202409/202409-citibike-tripdata_1.csv.gz,staged
202409-citibike-tripdata.zip,202409-citibike-tripdata_2.csv,NYC,202409,current,13,1000000,47648213,gs://msbai-dwd-aw6046-staging/raw/current/NYC/202409/202409-citibike-tripdata_2.csv.gz,staged
202409-citibike-tripdata.zip,202409-citibike-tripdata_3.csv,NYC,202409,current,13,1000000,47623552,gs://msbai-dwd-aw6046-staging/raw/current/NYC/202409/202409-citibike-tripdata_3.csv.gz,staged
202409-citibike-tripdata.zip,,NYC,,,,,,,source_done
202410-citibike-tripdata.zip,202410-citibike-tripdata_6.csv,NYC,202410,current,13,150054,7039579,gs://msbai-dwd-aw6046-staging/raw/current/NYC/202410/202410-citibike-tripdata_6.csv.gz,staged
202410-citibike-tripdata.zip,202410-citibike-tripdata_4.csv,NYC,202410,current,13,1000000,47157605,gs://msbai-dwd-aw6046-staging/raw/current/NYC/202410/202410-citibike-tripdata_4.csv.gz,staged
202410-citibike-tripdata.zip,202410-citibike-tripdata_5.csv,NYC,202410,current,13,1000000,47242334,gs://msbai-dwd-aw6046-staging/raw/current/NYC/202410/202410-citibike-tripdata_5.csv.gz,staged
202410-citibike-tripdata.zip,202410-citibike-tripdata_1.csv,NYC,202410,current,13,1000000,46616830,gs://msbai-dwd-aw6046-staging/raw/current/NYC/202410/202410-citibike-tripdata_1.csv.gz,staged
202410-citibike-tripdata.zip,202410-citibike-tripdata_2.csv,NYC,202410,current,13,1000000,46268557,gs://msbai-dwd-aw6046-staging/raw/current/NYC/202410/202410-citibike-tripdata_2.csv.gz,staged
202410-citibike-tripdata.zip,202410-citibike-tripdata_3.csv,NYC,202410,current,13,1000000,47276851,gs://msbai-dwd-aw6046-staging/raw/current/NYC/202410/202410-citibike-tripdata_3.csv.gz,staged
202410-citibike-tripdata.zip,,NYC,,,,,,,source_done
202411-citibike-tripdata.zip,202411-citibike-tripdata_3.csv,NYC,202411,current,13,1000000,47378948,gs://msbai-dwd-aw6046-staging/raw/current/NYC/202411/202411-citibike-tripdata_3.csv.gz,staged
202411-citibike-tripdata.zip,202411-citibike-tripdata_2.csv,NYC,202411,current,13,1000000,46079536,gs://msbai-dwd-aw6046-staging/raw/current/NYC/202411/202411-citibike-tripdata_2.csv.gz,staged
202411-citibike-tripdata.zip,202411-citibike-tripdata_1.csv,NYC,202411,current,13,1000000,46633161,gs://msbai-dwd-aw6046-staging/raw/current/NYC/202411/202411-citibike-tripdata_1.csv.gz,staged
202411-citibike-tripdata.zip,202411-citibike-tripdata_4.csv,NYC,202411,current,13,710134,33533121,gs://msbai-dwd-aw6046-staging/raw/current/NYC/202411/202411-citibike-tripdata_4.csv.gz,staged
202411-citibike-tripdata.zip,,NYC,,,,,,,source_done
202412-citibike-tripdata.zip,202412-citibike-tripdata_1.csv,NYC,202412,current,13,1000000,46602932,gs://msbai-dwd-aw6046-staging/raw/current/NYC/202412/202412-citibike-tripdata_1.csv.gz,staged
202412-citibike-tripdata.zip,202412-citibike-tripdata_3.csv,NYC,202412,current,13,311171,14949249,gs://msbai-dwd-aw6046-staging/raw/current/NYC/202412/202412-citibike-tripdata_3.csv.gz,staged
202412-citibike-tripdata.zip,202412-citibike-tripdata_2.csv,NYC,202412,current,13,1000000,47836700,gs://msbai-dwd-aw6046-staging/raw/current/NYC/202412/202412-citibike-tripdata_2.csv.gz,staged
202412-citibike-tripdata.zip,,NYC,,,,,,,source_done
202501-citibike-tripdata.zip,202501-citibike-tripdata_1.csv,NYC,202501,current,13,1000000,48214480,gs://msbai-dwd-aw6046-staging/raw/current/NYC/202501/202501-citibike-tripdata_1.csv.gz,staged
202501-citibike-tripdata.zip,202501-citibike-tripdata_3.csv,NYC,202501,current,13,124475,5949002,gs://msbai-dwd-aw6046-staging/raw/current/NYC/202501/202501-citibike-tripdata_3.csv.gz,staged
202501-citibike-tripdata.zip,202501-citibike-tripdata_2.csv,NYC,202501,current,13,1000000,47782694,gs://msbai-dwd-aw6046-staging/raw/current/NYC/202501/202501-citibike-tripdata_2.csv.gz,staged
202501-citibike-tripdata.zip,,NYC,,,,,,,source_done
202502-citibike-tripdata.zip,202502-citibike-tripdata_3.csv,NYC,202502,current,13,31257,1498007,gs://msbai-dwd-aw6046-staging/raw/current/NYC/202502/202502-citibike-tripdata_3.csv.gz,staged
202502-citibike-tripdata.zip,202502-citibike-tripdata_2.csv,NYC,202502,current,13,1000000,47964954,gs://msbai-dwd-aw6046-staging/raw/current/NYC/202502/202502-citibike-tripdata_2.csv.gz,staged
202502-citibike-tripdata.zip,202502-citibike-tripdata_1.csv,NYC,202502,current,13,1000000,48676847,gs://msbai-dwd-aw6046-staging/raw/current/NYC/202502/202502-citibike-tripdata_1.csv.gz,staged
202502-citibike-tripdata.zip,,NYC,,,,,,,source_done
202503-citibike-tripdata.zip,202503-citibike-tripdata_1.csv,NYC,202503,current,13,1000000,47514386,gs://msbai-dwd-aw6046-staging/raw/current/NYC/202503/202503-citibike-tripdata_1.csv.gz,staged
202503-citibike-tripdata.zip,202503-citibike-tripdata_2.csv,NYC,202503,current,13,1000000,47469116,gs://msbai-dwd-aw6046-staging/raw/current/NYC/202503/202503-citibike-tripdata_2.csv.gz,staged
202503-citibike-tripdata.zip,202503-citibike-tripdata_3.csv,NYC,202503,current,13,1000000,46998386,gs://msbai-dwd-aw6046-staging/raw/current/NYC/202503/202503-citibike-tripdata_3.csv.gz,staged
202503-citibike-tripdata.zip,202503-citibike-tripdata_4.csv,NYC,202503,current,13,168271,7919201,gs://msbai-dwd-aw6046-staging/raw/current/NYC/202503/202503-citibike-tripdata_4.csv.gz,staged
202503-citibike-tripdata.zip,,NYC,,,,,,,source_done
202504-citibike-tripdata.zip,202504-citibike-tripdata_3.csv,NYC,202504,current,13,1000000,46231362,gs://msbai-dwd-aw6046-staging/raw/current/NYC/202504/202504-citibike-tripdata_3.csv.gz,staged
202504-citibike-tripdata.zip,202504-citibike-tripdata_2.csv,NYC,202504,current,13,1000000,47356602,gs://msbai-dwd-aw6046-staging/raw/current/NYC/202504/202504-citibike-tripdata_2.csv.gz,staged
202504-citibike-tripdata.zip,202504-citibike-tripdata_1.csv,NYC,202504,current,13,1000000,47590326,gs://msbai-dwd-aw6046-staging/raw/current/NYC/202504/202504-citibike-tripdata_1.csv.gz,staged
202504-citibike-tripdata.zip,202504-citibike-tripdata_4.csv,NYC,202504,current,13,724596,33646743,gs://msbai-dwd-aw6046-staging/raw/current/NYC/202504/202504-citibike-tripdata_4.csv.gz,staged
202504-citibike-tripdata.zip,,NYC,,,,,,,source_done
202505-citibike-tripdata.zip,202505-citibike-tripdata_4.csv,NYC,202505,current,13,1000000,46148397,gs://msbai-dwd-aw6046-staging/raw/current/NYC/202505/202505-citibike-tripdata_4.csv.gz,staged
202505-citibike-tripdata.zip,202505-citibike-tripdata_5.csv,NYC,202505,current,13,325553,15109487,gs://msbai-dwd-aw6046-staging/raw/current/NYC/202505/202505-citibike-tripdata_5.csv.gz,staged
202505-citibike-tripdata.zip,202505-citibike-tripdata_1.csv,NYC,202505,current,13,1000000,47558416,gs://msbai-dwd-aw6046-staging/raw/current/NYC/202505/202505-citibike-tripdata_1.csv.gz,staged
202505-citibike-tripdata.zip,202505-citibike-tripdata_2.csv,NYC,202505,current,13,1000000,46556219,gs://msbai-dwd-aw6046-staging/raw/current/NYC/202505/202505-citibike-tripdata_2.csv.gz,staged
202505-citibike-tripdata.zip,202505-citibike-tripdata_3.csv,NYC,202505,current,13,1000000,46900318,gs://msbai-dwd-aw6046-staging/raw/current/NYC/202505/202505-citibike-tripdata_3.csv.gz,staged
202505-citibike-tripdata.zip,,NYC,,,,,,,source_done
202506-citibike-tripdata.zip,202506-citibike-tripdata_2.csv,NYC,202506,current,13,1000000,47879325,gs://msbai-dwd-aw6046-staging/raw/current/NYC/202506/202506-citibike-tripdata_2.csv.gz,staged
202506-citibike-tripdata.zip,202506-citibike-tripdata_3.csv,NYC,202506,current,13,1000000,47263459,gs://msbai-dwd-aw6046-staging/raw/current/NYC/202506/202506-citibike-tripdata_3.csv.gz,staged
202506-citibike-tripdata.zip,202506-citibike-tripdata_1.csv,NYC,202506,current,13,1000000,48545270,gs://msbai-dwd-aw6046-staging/raw/current/NYC/202506/202506-citibike-tripdata_1.csv.gz,staged
202506-citibike-tripdata.zip,202506-citibike-tripdata_4.csv,NYC,202506,current,13,1000000,46828915,gs://msbai-dwd-aw6046-staging/raw/current/NYC/202506/202506-citibike-tripdata_4.csv.gz,staged
202506-citibike-tripdata.zip,202506-citibike-tripdata_5.csv,NYC,202506,current,13,759345,34952028,gs://msbai-dwd-aw6046-staging/raw/current/NYC/202506/202506-citibike-tripdata_5.csv.gz,staged
202506-citibike-tripdata.zip,,NYC,,,,,,,source_done
202507-citibike-tripdata.zip,202507-citibike-tripdata_5.csv,NYC,202507,current,13,988053,38507686,gs://msbai-dwd-aw6046-staging/raw/current/NYC/202507/202507-citibike-tripdata_5.csv.gz,staged
202507-citibike-tripdata.zip,202507-citibike-tripdata_4.csv,NYC,202507,current,13,1000000,38804013,gs://msbai-dwd-aw6046-staging/raw/current/NYC/202507/202507-citibike-tripdata_4.csv.gz,staged
202507-citibike-tripdata.zip,202507-citibike-tripdata_1.csv,NYC,202507,current,13,1000000,42509823,gs://msbai-dwd-aw6046-staging/raw/current/NYC/202507/202507-citibike-tripdata_1.csv.gz,staged
202507-citibike-tripdata.zip,202507-citibike-tripdata_3.csv,NYC,202507,current,13,1000000,39371377,gs://msbai-dwd-aw6046-staging/raw/current/NYC/202507/202507-citibike-tripdata_3.csv.gz,staged
202507-citibike-tripdata.zip,202507-citibike-tripdata_2.csv,NYC,202507,current,13,1000000,42475512,gs://msbai-dwd-aw6046-staging/raw/current/NYC/202507/202507-citibike-tripdata_2.csv.gz,staged
202507-citibike-tripdata.zip,,NYC,,,,,,,source_done
202508-citibike-tripdata.zip,202508-citibike-tripdata_6.csv,NYC,202508,current,13,121533,4862851,gs://msbai-dwd-aw6046-staging/raw/current/NYC/202508/202508-citibike-tripdata_6.csv.gz,staged
202508-citibike-tripdata.zip,202508-citibike-tripdata_4.csv,NYC,202508,current,13,1000000,41135309,gs://msbai-dwd-aw6046-staging/raw/current/NYC/202508/202508-citibike-tripdata_4.csv.gz,staged
202508-citibike-tripdata.zip,202508-citibike-tripdata_5.csv,NYC,202508,current,13,1000000,41011858,gs://msbai-dwd-aw6046-staging/raw/current/NYC/202508/202508-citibike-tripdata_5.csv.gz,staged
202508-citibike-tripdata.zip,202508-citibike-tripdata_1.csv,NYC,202508,current,13,1000000,42766910,gs://msbai-dwd-aw6046-staging/raw/current/NYC/202508/202508-citibike-tripdata_1.csv.gz,staged
202508-citibike-tripdata.zip,202508-citibike-tripdata_2.csv,NYC,202508,current,13,1000000,42905434,gs://msbai-dwd-aw6046-staging/raw/current/NYC/202508/202508-citibike-tripdata_2.csv.gz,staged
202508-citibike-tripdata.zip,202508-citibike-tripdata_3.csv,NYC,202508,current,13,1000000,41314288,gs://msbai-dwd-aw6046-staging/raw/current/NYC/202508/202508-citibike-tripdata_3.csv.gz,staged
202508-citibike-tripdata.zip,,NYC,,,,,,,source_done
202509-citibike-tripdata.zip,202509-citibike-tripdata_3.csv,NYC,202509,current,13,1000000,46705088,gs://msbai-dwd-aw6046-staging/raw/current/NYC/202509/202509-citibike-tripdata_3.csv.gz,staged
202509-citibike-tripdata.zip,202509-citibike-tripdata_2.csv,NYC,202509,current,13,1000000,47286816,gs://msbai-dwd-aw6046-staging/raw/current/NYC/202509/202509-citibike-tripdata_2.csv.gz,staged
202509-citibike-tripdata.zip,202509-citibike-tripdata_1.csv,NYC,202509,current,13,1000000,48080886,gs://msbai-dwd-aw6046-staging/raw/current/NYC/202509/202509-citibike-tripdata_1.csv.gz,staged
202509-citibike-tripdata.zip,202509-citibike-tripdata_5.csv,NYC,202509,current,13,1000000,45894362,gs://msbai-dwd-aw6046-staging/raw/current/NYC/202509/202509-citibike-tripdata_5.csv.gz,staged
202509-citibike-tripdata.zip,202509-citibike-tripdata_4.csv,NYC,202509,current,13,1000000,46242969,gs://msbai-dwd-aw6046-staging/raw/current/NYC/202509/202509-citibike-tripdata_4.csv.gz,staged
202509-citibike-tripdata.zip,202509-citibike-tripdata_6.csv,NYC,202509,current,13,287447,12971644,gs://msbai-dwd-aw6046-staging/raw/current/NYC/202509/202509-citibike-tripdata_6.csv.gz,staged
202509-citibike-tripdata.zip,,NYC,,,,,,,source_done
202510-citibike-tripdata.zip,202510-citibike-tripdata_3.csv,NYC,202510,current,13,1000000,45588425,gs://msbai-dwd-aw6046-staging/raw/current/NYC/202510/202510-citibike-tripdata_3.csv.gz,staged
202510-citibike-tripdata.zip,202510-citibike-tripdata_2.csv,NYC,202510,current,13,1000000,45948125,gs://msbai-dwd-aw6046-staging/raw/current/NYC/202510/202510-citibike-tripdata_2.csv.gz,staged
202510-citibike-tripdata.zip,202510-citibike-tripdata_1.csv,NYC,202510,current,13,1000000,46313307,gs://msbai-dwd-aw6046-staging/raw/current/NYC/202510/202510-citibike-tripdata_1.csv.gz,staged
202510-citibike-tripdata.zip,202510-citibike-tripdata_5.csv,NYC,202510,current,13,731900,32982800,gs://msbai-dwd-aw6046-staging/raw/current/NYC/202510/202510-citibike-tripdata_5.csv.gz,staged
202510-citibike-tripdata.zip,202510-citibike-tripdata_4.csv,NYC,202510,current,13,1000000,44871461,gs://msbai-dwd-aw6046-staging/raw/current/NYC/202510/202510-citibike-tripdata_4.csv.gz,staged
202510-citibike-tripdata.zip,,NYC,,,,,,,source_done
202511-citibike-tripdata.zip,202511-citibike-tripdata_4.csv,NYC,202511,current,13,417052,18225133,gs://msbai-dwd-aw6046-staging/raw/current/NYC/202511/202511-citibike-tripdata_4.csv.gz,staged
202511-citibike-tripdata.zip,202511-citibike-tripdata_1.csv,NYC,202511,current,13,1000000,46535856,gs://msbai-dwd-aw6046-staging/raw/current/NYC/202511/202511-citibike-tripdata_1.csv.gz,staged
202511-citibike-tripdata.zip,202511-citibike-tripdata_2.csv,NYC,202511,current,13,1000000,45374190,gs://msbai-dwd-aw6046-staging/raw/current/NYC/202511/202511-citibike-tripdata_2.csv.gz,staged
202511-citibike-tripdata.zip,202511-citibike-tripdata_3.csv,NYC,202511,current,13,1000000,44190369,gs://msbai-dwd-aw6046-staging/raw/current/NYC/202511/202511-citibike-tripdata_3.csv.gz,staged
202511-citibike-tripdata.zip,,NYC,,,,,,,source_done
202512-citibike-tripdata.zip,202512-citibike-tripdata_2.csv,NYC,202512,current,13,1000000,46107541,gs://msbai-dwd-aw6046-staging/raw/current/NYC/202512/202512-citibike-tripdata_2.csv.gz,staged
202512-citibike-tripdata.zip,202512-citibike-tripdata_3.csv,NYC,202512,current,13,91620,4213148,gs://msbai-dwd-aw6046-staging/raw/current/NYC/202512/202512-citibike-tripdata_3.csv.gz,staged
202512-citibike-tripdata.zip,202512-citibike-tripdata_1.csv,NYC,202512,current,13,1000000,45605079,gs://msbai-dwd-aw6046-staging/raw/current/NYC/202512/202512-citibike-tripdata_1.csv.gz,staged
202512-citibike-tripdata.zip,,NYC,,,,,,,source_done
202601-citibike-tripdata.zip,202601-citibike-tripdata_2.csv,NYC,202601,current,13,816391,37030950,gs://msbai-dwd-aw6046-staging/raw/current/NYC/202601/202601-citibike-tripdata_2.csv.gz,staged
202601-citibike-tripdata.zip,202601-citibike-tripdata_1.csv,NYC,202601,current,13,1000000,49750131,gs://msbai-dwd-aw6046-staging/raw/current/NYC/202601/202601-citibike-tripdata_1.csv.gz,staged
202601-citibike-tripdata.zip,,NYC,,,,,,,source_done
202602-citibike-tripdata.zip,202602-citibike-tripdata_1.csv,NYC,202602,current,13,1000000,47687863,gs://msbai-dwd-aw6046-staging/raw/current/NYC/202602/202602-citibike-tripdata_1.csv.gz,staged
202602-citibike-tripdata.zip,202602-citibike-tripdata_2.csv,NYC,202602,current,13,219444,10522814,gs://msbai-dwd-aw6046-staging/raw/current/NYC/202602/202602-citibike-tripdata_2.csv.gz,staged
202602-citibike-tripdata.zip,,NYC,,,,,,,source_done
202603-citibike-tripdata.zip,202603-citibike-tripdata_3.csv,NYC,202603,current,13,945753,41269241,gs://msbai-dwd-aw6046-staging/raw/current/NYC/202603/202603-citibike-tripdata_3.csv.gz,staged
202603-citibike-tripdata.zip,202603-citibike-tripdata_2.csv,NYC,202603,current,13,1000000,45045699,gs://msbai-dwd-aw6046-staging/raw/current/NYC/202603/202603-citibike-tripdata_2.csv.gz,staged
202603-citibike-tripdata.zip,202603-citibike-tripdata_1.csv,NYC,202603,current,13,1000000,48502483,gs://msbai-dwd-aw6046-staging/raw/current/NYC/202603/202603-citibike-tripdata_1.csv.gz,staged
202603-citibike-tripdata.zip,,NYC,,,,,,,source_done
202604-citibike-tripdata.zip,202604-citibike-tripdata-part1.csv,NYC,202604,current,13,965093,41566308,gs://msbai-dwd-aw6046-staging/raw/current/NYC/202604/202604-citibike-tripdata-part1.csv.gz,staged
202604-citibike-tripdata.zip,202604-citibike-tripdata-part2.csv,NYC,202604,current,13,965093,41187783,gs://msbai-dwd-aw6046-staging/raw/current/NYC/202604/202604-citibike-tripdata-part2.csv.gz,staged
202604-citibike-tripdata.zip,202604-citibike-tripdata-part3.csv,NYC,202604,current,13,965093,41192960,gs://msbai-dwd-aw6046-staging/raw/current/NYC/202604/202604-citibike-tripdata-part3.csv.gz,staged
202604-citibike-tripdata.zip,202604-citibike-tripdata-part4.csv,NYC,202604,current,13,965092,40645152,gs://msbai-dwd-aw6046-staging/raw/current/NYC/202604/202604-citibike-tripdata-part4.csv.gz,staged
202604-citibike-tripdata.zip,,NYC,,,,,,,source_done
202605-citibike-tripdata.zip,202605-citibike-tripdata_3.csv,NYC,202605,current,13,1000000,40072772,gs://msbai-dwd-aw6046-staging/raw/current/NYC/202605/202605-citibike-tripdata_3.csv.gz,staged
202605-citibike-tripdata.zip,202605-citibike-tripdata_2.csv,NYC,202605,current,13,1000000,43464877,gs://msbai-dwd-aw6046-staging/raw/current/NYC/202605/202605-citibike-tripdata_2.csv.gz,staged
202605-citibike-tripdata.zip,202605-citibike-tripdata_1.csv,NYC,202605,current,13,1000000,43529190,gs://msbai-dwd-aw6046-staging/raw/current/NYC/202605/202605-citibike-tripdata_1.csv.gz,staged
202605-citibike-tripdata.zip,202605-citibike-tripdata_5.csv,NYC,202605,current,13,694878,27727132,gs://msbai-dwd-aw6046-staging/raw/current/NYC/202605/202605-citibike-tripdata_5.csv.gz,staged
202605-citibike-tripdata.zip,202605-citibike-tripdata_4.csv,NYC,202605,current,13,1000000,40001532,gs://msbai-dwd-aw6046-staging/raw/current/NYC/202605/202605-citibike-tripdata_4.csv.gz,staged
202605-citibike-tripdata.zip,,NYC,,,,,,,source_done
202606-citibike-tripdata.zip,202606-citibike-tripdata_6.csv,NYC,202606,current,13,384468,16359252,gs://msbai-dwd-aw6046-staging/raw/current/NYC/202606/202606-citibike-tripdata_6.csv.gz,staged
202606-citibike-tripdata.zip,202606-citibike-tripdata_5.csv,NYC,202606,current,13,1000000,42900019,gs://msbai-dwd-aw6046-staging/raw/current/NYC/202606/202606-citibike-tripdata_5.csv.gz,staged
202606-citibike-tripdata.zip,202606-citibike-tripdata_4.csv,NYC,202606,current,13,1000000,42534707,gs://msbai-dwd-aw6046-staging/raw/current/NYC/202606/202606-citibike-tripdata_4.csv.gz,staged
202606-citibike-tripdata.zip,202606-citibike-tripdata_1.csv,NYC,202606,current,13,1000000,46331481,gs://msbai-dwd-aw6046-staging/raw/current/NYC/202606/202606-citibike-tripdata_1.csv.gz,staged
202606-citibike-tripdata.zip,202606-citibike-tripdata_3.csv,NYC,202606,current,13,1000000,44591755,gs://msbai-dwd-aw6046-staging/raw/current/NYC/202606/202606-citibike-tripdata_3.csv.gz,staged
202606-citibike-tripdata.zip,202606-citibike-tripdata_2.csv,NYC,202606,current,13,1000000,45739577,gs://msbai-dwd-aw6046-staging/raw/current/NYC/202606/202606-citibike-tripdata_2.csv.gz,staged
202606-citibike-tripdata.zip,,NYC,,,,,,,source_done
JC-201510-citibike-tripdata.csv.zip,JC-201510-citibike-tripdata.csv,JC,201510,legacy,15,19264,365914,gs://msbai-dwd-aw6046-staging/raw/legacy/JC/201510/JC-201510-citibike-tripdata.csv.gz,staged
JC-201510-citibike-tripdata.csv.zip,,JC,,,,,,,source_done
JC-201511-citibike-tripdata.csv.zip,JC-201511-citibike-tripdata.csv,JC,201511,legacy,15,15113,287905,gs://msbai-dwd-aw6046-staging/raw/legacy/JC/201511/JC-201511-citibike-tripdata.csv.gz,staged
JC-201511-citibike-tripdata.csv.zip,,JC,,,,,,,source_done
JC-201512-citibike-tripdata.csv.zip,JC-201512-citibike-tripdata.csv,JC,201512,legacy,15,11838,227593,gs://msbai-dwd-aw6046-staging/raw/legacy/JC/201512/JC-201512-citibike-tripdata.csv.gz,staged
JC-201512-citibike-tripdata.csv.zip,,JC,,,,,,,source_done
JC-201601-citibike-tripdata.csv.zip,JC-20161-citibike-tripdata.csv,JC,201601,legacy,15,7479,144166,gs://msbai-dwd-aw6046-staging/raw/legacy/JC/201601/JC-20161-citibike-tripdata.csv.gz,staged
JC-201601-citibike-tripdata.csv.zip,,JC,,,,,,,source_done
JC-201602-citibike-tripdata.csv.zip,JC-20162-citibike-tripdata.csv,JC,201602,legacy,15,8250,159639,gs://msbai-dwd-aw6046-staging/raw/legacy/JC/201602/JC-20162-citibike-tripdata.csv.gz,staged
JC-201602-citibike-tripdata.csv.zip,,JC,,,,,,,source_done
JC-201603-citibike-tripdata.csv.zip,JC-20163-citibike-tripdata.csv,JC,201603,legacy,15,13511,259429,gs://msbai-dwd-aw6046-staging/raw/legacy/JC/201603/JC-20163-citibike-tripdata.csv.gz,staged
JC-201603-citibike-tripdata.csv.zip,,JC,,,,,,,source_done
JC-201604-citibike-tripdata.csv.zip,JC-201604-citibike-tripdata.csv,JC,201604,legacy,15,16342,311050,gs://msbai-dwd-aw6046-staging/raw/legacy/JC/201604/JC-201604-citibike-tripdata.csv.gz,staged
JC-201604-citibike-tripdata.csv.zip,,JC,,,,,,,source_done
JC-201605-citibike-tripdata.csv.zip,JC-201605-citibike-tripdata.csv,JC,201605,legacy,15,19488,369386,gs://msbai-dwd-aw6046-staging/raw/legacy/JC/201605/JC-201605-citibike-tripdata.csv.gz,staged
JC-201605-citibike-tripdata.csv.zip,,JC,,,,,,,source_done
JC-201606-citibike-tripdata.csv.zip,JC-201606-citibike-tripdata.csv,JC,201606,legacy,15,23947,452758,gs://msbai-dwd-aw6046-staging/raw/legacy/JC/201606/JC-201606-citibike-tripdata.csv.gz,staged
JC-201606-citibike-tripdata.csv.zip,,JC,,,,,,,source_done
JC-201607-citibike-tripdata.csv.zip,JC-201607-citibike-tripdata.csv,JC,201607,legacy,15,24436,465624,gs://msbai-dwd-aw6046-staging/raw/legacy/JC/201607/JC-201607-citibike-tripdata.csv.gz,staged
JC-201607-citibike-tripdata.csv.zip,,JC,,,,,,,source_done
JC-201608-citibike-tripdata.csv.zip,JC-201608-citibike-tripdata.csv,JC,201608,legacy,15,34149,666187,gs://msbai-dwd-aw6046-staging/raw/legacy/JC/201608/JC-201608-citibike-tripdata.csv.gz,staged
JC-201608-citibike-tripdata.csv.zip,,JC,,,,,,,source_done
JC-201609-citibike-tripdata.csv.zip,JC-201609-citibike-tripdata.csv,JC,201609,legacy,15,33425,652482,gs://msbai-dwd-aw6046-staging/raw/legacy/JC/201609/JC-201609-citibike-tripdata.csv.gz,staged
JC-201609-citibike-tripdata.csv.zip,,JC,,,,,,,source_done
JC-201610-citibike-tripdata.csv.zip,JC-201610-citibike-tripdata.csv,JC,201610,legacy,15,29611,581212,gs://msbai-dwd-aw6046-staging/raw/legacy/JC/201610/JC-201610-citibike-tripdata.csv.gz,staged
JC-201610-citibike-tripdata.csv.zip,,JC,,,,,,,source_done
JC-201611-citibike-tripdata.csv.zip,JC-201611-citibike-tripdata.csv,JC,201611,legacy,15,21832,434230,gs://msbai-dwd-aw6046-staging/raw/legacy/JC/201611/JC-201611-citibike-tripdata.csv.gz,staged
JC-201611-citibike-tripdata.csv.zip,,JC,,,,,,,source_done
JC-201612-citibike-tripdata.csv.zip,JC-201612-citibike-tripdata.csv,JC,201612,legacy,15,15114,304848,gs://msbai-dwd-aw6046-staging/raw/legacy/JC/201612/JC-201612-citibike-tripdata.csv.gz,staged
JC-201612-citibike-tripdata.csv.zip,,JC,,,,,,,source_done
JC-201701-citibike-tripdata.csv.zip,JC-201701-citibike-tripdata.csv,JC,201701,legacy,15,12926,260622,gs://msbai-dwd-aw6046-staging/raw/legacy/JC/201701/JC-201701-citibike-tripdata.csv.gz,staged
JC-201701-citibike-tripdata.csv.zip,,JC,,,,,,,source_done
JC-201702-citibike-tripdata.csv.zip,JC-201702-citibike-tripdata.csv,JC,201702,legacy,15,14026,281796,gs://msbai-dwd-aw6046-staging/raw/legacy/JC/201702/JC-201702-citibike-tripdata.csv.gz,staged
JC-201702-citibike-tripdata.csv.zip,,JC,,,,,,,source_done
JC-201703-citibike-tripdata.csv.zip,JC-201703-citibike-tripdata.csv,JC,201703,legacy,15,12201,246478,gs://msbai-dwd-aw6046-staging/raw/legacy/JC/201703/JC-201703-citibike-tripdata.csv.gz,staged
JC-201703-citibike-tripdata.csv.zip,,JC,,,,,,,source_done
JC-201704-citibike-tripdata.csv.zip,JC-201704-citibike-tripdata.csv,JC,201704,legacy,15,21186,442381,gs://msbai-dwd-aw6046-staging/raw/legacy/JC/201704/JC-201704-citibike-tripdata.csv.gz,staged
JC-201704-citibike-tripdata.csv.zip,,JC,,,,,,,source_done
JC-201705-citibike-tripdata.csv.zip,JC-201705-citibike-tripdata.csv,JC,201705,legacy,15,25966,541319,gs://msbai-dwd-aw6046-staging/raw/legacy/JC/201705/JC-201705-citibike-tripdata.csv.gz,staged
JC-201705-citibike-tripdata.csv.zip,,JC,,,,,,,source_done
JC-201706-citibike-tripdata.csv.zip,JC-201706-citibike-tripdata.csv,JC,201706,legacy,15,32060,662092,gs://msbai-dwd-aw6046-staging/raw/legacy/JC/201706/JC-201706-citibike-tripdata.csv.gz,staged
JC-201706-citibike-tripdata.csv.zip,,JC,,,,,,,source_done
JC-201707-citibike-tripdata.csv.zip,JC-201707-citibike-tripdata.csv,JC,201707,legacy,15,33573,692568,gs://msbai-dwd-aw6046-staging/raw/legacy/JC/201707/JC-201707-citibike-tripdata.csv.gz,staged
JC-201707-citibike-tripdata.csv.zip,,JC,,,,,,,source_done
JC-201708 citibike-tripdata.csv.zip,JC-201708 citibike-tripdata.csv,JC,201708,legacy,15,35472,727846,gs://msbai-dwd-aw6046-staging/raw/legacy/JC/201708/JC-201708_citibike-tripdata.csv.gz,staged
JC-201708 citibike-tripdata.csv.zip,,JC,,,,,,,source_done
JC-201709-citibike-tripdata.csv.zip,JC-201709-citibike-tripdata.csv,JC,201709,legacy,15,33119,683138,gs://msbai-dwd-aw6046-staging/raw/legacy/JC/201709/JC-201709-citibike-tripdata.csv.gz,staged
JC-201709-citibike-tripdata.csv.zip,,JC,,,,,,,source_done
JC-201710-citibike-tripdata.csv.zip,JC-201710-citibike-tripdata.csv,JC,201710,legacy,15,34919,719929,gs://msbai-dwd-aw6046-staging/raw/legacy/JC/201710/JC-201710-citibike-tripdata.csv.gz,staged
JC-201710-citibike-tripdata.csv.zip,,JC,,,,,,,source_done
JC-201711-citibike-tripdata.csv.zip,JC-201711-citibike-tripdata.csv,JC,201711,legacy,15,23582,488595,gs://msbai-dwd-aw6046-staging/raw/legacy/JC/201711/JC-201711-citibike-tripdata.csv.gz,staged
JC-201711-citibike-tripdata.csv.zip,,JC,,,,,,,source_done
JC-201712-citibike-tripdata.csv.zip,JC-201712-citibike-tripdata.csv,JC,201712,legacy,15,15898,331353,gs://msbai-dwd-aw6046-staging/raw/legacy/JC/201712/JC-201712-citibike-tripdata.csv.gz,staged
JC-201712-citibike-tripdata.csv.zip,,JC,,,,,,,source_done
JC-201801-citibike-tripdata.csv.zip,JC-201801-citibike-tripdata.csv,JC,201801,legacy,15,12677,335593,gs://msbai-dwd-aw6046-staging/raw/legacy/JC/201801/JC-201801-citibike-tripdata.csv.gz,staged
JC-201801-citibike-tripdata.csv.zip,,JC,,,,,,,source_done
JC-201802-citibike-tripdata.csv.zip,JC-201802-citibike-tripdata.csv,JC,201802,legacy,15,15104,397805,gs://msbai-dwd-aw6046-staging/raw/legacy/JC/201802/JC-201802-citibike-tripdata.csv.gz,staged
JC-201802-citibike-tripdata.csv.zip,,JC,,,,,,,source_done
JC-201803-citibike-tripdata.csv.zip,JC-201803-citibike-tripdata.csv,JC,201803,legacy,15,17109,453442,gs://msbai-dwd-aw6046-staging/raw/legacy/JC/201803/JC-201803-citibike-tripdata.csv.gz,staged
JC-201803-citibike-tripdata.csv.zip,,JC,,,,,,,source_done
JC-201804-citibike-tripdata.csv.zip,JC-201804-citibike-tripdata.csv,JC,201804,legacy,15,23634,628806,gs://msbai-dwd-aw6046-staging/raw/legacy/JC/201804/JC-201804-citibike-tripdata.csv.gz,staged
JC-201804-citibike-tripdata.csv.zip,,JC,,,,,,,source_done
JC-201805-citibike-tripdata.csv.zip,JC-201805-citibike-tripdata.csv,JC,201805,legacy,15,34456,909158,gs://msbai-dwd-aw6046-staging/raw/legacy/JC/201805/JC-201805-citibike-tripdata.csv.gz,staged
JC-201805-citibike-tripdata.csv.zip,,JC,,,,,,,source_done
JC-201806-citibike-tripdata.csv.zip,JC-201806-citibike-tripdata.csv,JC,201806,legacy,15,40937,1078629,gs://msbai-dwd-aw6046-staging/raw/legacy/JC/201806/JC-201806-citibike-tripdata.csv.gz,staged
JC-201806-citibike-tripdata.csv.zip,,JC,,,,,,,source_done
JC-201807-citibike-tripdata.csv.zip,JC-201807-citibike-tripdata.csv,JC,201807,legacy,15,42268,1113858,gs://msbai-dwd-aw6046-staging/raw/legacy/JC/201807/JC-201807-citibike-tripdata.csv.gz,staged
JC-201807-citibike-tripdata.csv.zip,,JC,,,,,,,source_done
JC-201808-citibike-tripdata.csv.zip,JC-201808-citibike-tripdata.csv,JC,201808,legacy,15,44432,1165751,gs://msbai-dwd-aw6046-staging/raw/legacy/JC/201808/JC-201808-citibike-tripdata.csv.gz,staged
JC-201808-citibike-tripdata.csv.zip,,JC,,,,,,,source_done
JC-201809-citibike-tripdata.csv.zip,JC-201809-citibike-tripdata.csv,JC,201809,legacy,15,39022,1029049,gs://msbai-dwd-aw6046-staging/raw/legacy/JC/201809/JC-201809-citibike-tripdata.csv.gz,staged
JC-201809-citibike-tripdata.csv.zip,,JC,,,,,,,source_done
JC-201810-citibike-tripdata.csv.zip,JC-201810-citibike-tripdata.csv,JC,201810,legacy,15,39138,1025579,gs://msbai-dwd-aw6046-staging/raw/legacy/JC/201810/JC-201810-citibike-tripdata.csv.gz,staged
JC-201810-citibike-tripdata.csv.zip,,JC,,,,,,,source_done
JC-201811-citibike-tripdata.csv.zip,JC-201811-citibike-tripdata.csv,JC,201811,legacy,15,24910,655604,gs://msbai-dwd-aw6046-staging/raw/legacy/JC/201811/JC-201811-citibike-tripdata.csv.gz,staged
JC-201811-citibike-tripdata.csv.zip,,JC,,,,,,,source_done
JC-201812-citibike-tripdata.csv.zip,JC-201812-citibike-tripdata.csv,JC,201812,legacy,15,20205,533730,gs://msbai-dwd-aw6046-staging/raw/legacy/JC/201812/JC-201812-citibike-tripdata.csv.gz,staged
JC-201812-citibike-tripdata.csv.zip,,JC,,,,,,,source_done
JC-201901-citibike-tripdata.csv.zip,JC-201901-citibike-tripdata.csv,JC,201901,legacy,15,19676,517517,gs://msbai-dwd-aw6046-staging/raw/legacy/JC/201901/JC-201901-citibike-tripdata.csv.gz,staged
JC-201901-citibike-tripdata.csv.zip,,JC,,,,,,,source_done
JC-201902-citibike-tripdata.csv.zip,JC-201902-citibike-tripdata.csv,JC,201902,legacy,15,18565,491019,gs://msbai-dwd-aw6046-staging/raw/legacy/JC/201902/JC-201902-citibike-tripdata.csv.gz,staged
JC-201902-citibike-tripdata.csv.zip,,JC,,,,,,,source_done
JC-201903-citibike-tripdata.csv.zip,JC-201903-citibike-tripdata.csv,JC,201903,legacy,15,23606,623361,gs://msbai-dwd-aw6046-staging/raw/legacy/JC/201903/JC-201903-citibike-tripdata.csv.gz,staged
JC-201903-citibike-tripdata.csv.zip,,JC,,,,,,,source_done
JC-201904-citibike-tripdata.csv.zip,JC-201904-citibike-tripdata.csv,JC,201904,legacy,15,33056,867222,gs://msbai-dwd-aw6046-staging/raw/legacy/JC/201904/JC-201904-citibike-tripdata.csv.gz,staged
JC-201904-citibike-tripdata.csv.zip,,JC,,,,,,,source_done
JC-201905-citibike-tripdata.csv.zip,JC-201905-citibike-tripdata.csv,JC,201905,legacy,15,36135,931545,gs://msbai-dwd-aw6046-staging/raw/legacy/JC/201905/JC-201905-citibike-tripdata.csv.gz,staged
JC-201905-citibike-tripdata.csv.zip,,JC,,,,,,,source_done
JC-201906-citibike-tripdata.csv.zip,JC-201906-citibike-tripdata.csv,JC,201906,legacy,15,39430,1018788,gs://msbai-dwd-aw6046-staging/raw/legacy/JC/201906/JC-201906-citibike-tripdata.csv.gz,staged
JC-201906-citibike-tripdata.csv.zip,,JC,,,,,,,source_done
JC-201907-citibike-tripdata.csv.zip,JC-201907-citibike-tripdata.csv,JC,201907,legacy,15,43746,1131355,gs://msbai-dwd-aw6046-staging/raw/legacy/JC/201907/JC-201907-citibike-tripdata.csv.gz,staged
JC-201907-citibike-tripdata.csv.zip,,JC,,,,,,,source_done
JC-201908-citibike-tripdata.csv.zip,JC-201908-citibike-tripdata.csv,JC,201908,legacy,15,48711,1257974,gs://msbai-dwd-aw6046-staging/raw/legacy/JC/201908/JC-201908-citibike-tripdata.csv.gz,staged
JC-201908-citibike-tripdata.csv.zip,,JC,,,,,,,source_done
JC-201909-citibike-tripdata.csv.zip,JC-201909-citibike-tripdata.csv,JC,201909,legacy,15,49244,1270917,gs://msbai-dwd-aw6046-staging/raw/legacy/JC/201909/JC-201909-citibike-tripdata.csv.gz,staged
JC-201909-citibike-tripdata.csv.zip,,JC,,,,,,,source_done
JC-201910-citibike-tripdata.csv.zip,JC-201910-citibike-tripdata.csv,JC,201910,legacy,15,42253,1091007,gs://msbai-dwd-aw6046-staging/raw/legacy/JC/201910/JC-201910-citibike-tripdata.csv.gz,staged
JC-201910-citibike-tripdata.csv.zip,,JC,,,,,,,source_done
JC-201911-citibike-tripdata.csv.zip,JC-201911-citibike-tripdata.csv,JC,201911,legacy,15,30797,799633,gs://msbai-dwd-aw6046-staging/raw/legacy/JC/201911/JC-201911-citibike-tripdata.csv.gz,staged
JC-201911-citibike-tripdata.csv.zip,,JC,,,,,,,source_done
JC-201912-citibike-tripdata.csv.zip,JC-201912-citibike-tripdata.csv,JC,201912,legacy,15,19728,517435,gs://msbai-dwd-aw6046-staging/raw/legacy/JC/201912/JC-201912-citibike-tripdata.csv.gz,staged
JC-201912-citibike-tripdata.csv.zip,,JC,,,,,,,source_done
JC-202001-citibike-tripdata.csv.zip,JC-202001-citibike-tripdata.csv,JC,202001,legacy,15,26020,678939,gs://msbai-dwd-aw6046-staging/raw/legacy/JC/202001/JC-202001-citibike-tripdata.csv.gz,staged
JC-202001-citibike-tripdata.csv.zip,,JC,,,,,,,source_done
JC-202002-citibike-tripdata.csv.zip,JC-202002-citibike-tripdata.csv,JC,202002,legacy,15,22962,599128,gs://msbai-dwd-aw6046-staging/raw/legacy/JC/202002/JC-202002-citibike-tripdata.csv.gz,staged
JC-202002-citibike-tripdata.csv.zip,,JC,,,,,,,source_done
JC-202003-citibike-tripdata.csv.zip,JC-202003-citibike-tripdata.csv,JC,202003,legacy,15,17719,465181,gs://msbai-dwd-aw6046-staging/raw/legacy/JC/202003/JC-202003-citibike-tripdata.csv.gz,staged
JC-202003-citibike-tripdata.csv.zip,,JC,,,,,,,source_done
JC-202004-citibike-tripdata.csv.zip,JC-202004-citibike-tripdata.csv,JC,202004,legacy,15,9268,246029,gs://msbai-dwd-aw6046-staging/raw/legacy/JC/202004/JC-202004-citibike-tripdata.csv.gz,staged
JC-202004-citibike-tripdata.csv.zip,,JC,,,,,,,source_done
JC-202005-citibike-tripdata.csv.zip,JC-202005-citibike-tripdata.csv,JC,202005,legacy,15,25077,655578,gs://msbai-dwd-aw6046-staging/raw/legacy/JC/202005/JC-202005-citibike-tripdata.csv.gz,staged
JC-202005-citibike-tripdata.csv.zip,,JC,,,,,,,source_done
JC-202006-citibike-tripdata.csv.zip,JC-202006-citibike-tripdata.csv,JC,202006,legacy,15,36921,968336,gs://msbai-dwd-aw6046-staging/raw/legacy/JC/202006/JC-202006-citibike-tripdata.csv.gz,staged
JC-202006-citibike-tripdata.csv.zip,,JC,,,,,,,source_done
JC-202007-citibike-tripdata.csv.zip,JC-202007-citibike-tripdata.csv,JC,202007,legacy,15,38680,1017799,gs://msbai-dwd-aw6046-staging/raw/legacy/JC/202007/JC-202007-citibike-tripdata.csv.gz,staged
JC-202007-citibike-tripdata.csv.zip,,JC,,,,,,,source_done
JC-202008-citibike-tripdata.csv.zip,JC-202008-citibike-tripdata.csv,JC,202008,legacy,15,43267,1137003,gs://msbai-dwd-aw6046-staging/raw/legacy/JC/202008/JC-202008-citibike-tripdata.csv.gz,staged
JC-202008-citibike-tripdata.csv.zip,,JC,,,,,,,source_done
JC-202009-citibike-tripdata.csv.zip,JC-202009-citibike-tripdata.csv,JC,202009,legacy,15,53833,1419561,gs://msbai-dwd-aw6046-staging/raw/legacy/JC/202009/JC-202009-citibike-tripdata.csv.gz,staged
JC-202009-citibike-tripdata.csv.zip,,JC,,,,,,,source_done
JC-202010-citibike-tripdata.csv.zip,JC-202010-citibike-tripdata.csv,JC,202010,legacy,15,30086,797883,gs://msbai-dwd-aw6046-staging/raw/legacy/JC/202010/JC-202010-citibike-tripdata.csv.gz,staged
JC-202010-citibike-tripdata.csv.zip,,JC,,,,,,,source_done
JC-202011-citibike-tripdata.csv.zip,JC-202011-citibike-tripdata.csv,JC,202011,legacy,15,21275,568731,gs://msbai-dwd-aw6046-staging/raw/legacy/JC/202011/JC-202011-citibike-tripdata.csv.gz,staged
JC-202011-citibike-tripdata.csv.zip,,JC,,,,,,,source_done
JC-202012-citibike-tripdata.csv.zip,JC-202012-citibike-tripdata.csv,JC,202012,legacy,15,11694,314829,gs://msbai-dwd-aw6046-staging/raw/legacy/JC/202012/JC-202012-citibike-tripdata.csv.gz,staged
JC-202012-citibike-tripdata.csv.zip,,JC,,,,,,,source_done
JC-202101-citibike-tripdata.csv.zip,JC-202101-citibike-tripdata.csv,JC,202101,legacy,15,11624,313623,gs://msbai-dwd-aw6046-staging/raw/legacy/JC/202101/JC-202101-citibike-tripdata.csv.gz,staged
JC-202101-citibike-tripdata.csv.zip,,JC,,,,,,,source_done
JC-202102-citibike-tripdata.csv.zip,JC-202102-citibike-tripdata.csv,JC,202102,current,13,4881,144939,gs://msbai-dwd-aw6046-staging/raw/current/JC/202102/JC-202102-citibike-tripdata.csv.gz,staged
JC-202102-citibike-tripdata.csv.zip,,JC,,,,,,,source_done
JC-202103-citibike-tripdata.csv.zip,JC-202103-citibike-tripdata.csv,JC,202103,current,13,17123,473041,gs://msbai-dwd-aw6046-staging/raw/current/JC/202103/JC-202103-citibike-tripdata.csv.gz,staged
JC-202103-citibike-tripdata.csv.zip,,JC,,,,,,,source_done
JC-202104-citibike-tripdata.csv.zip,JC-202104-citibike-tripdata.csv,JC,202104,current,13,23774,649523,gs://msbai-dwd-aw6046-staging/raw/current/JC/202104/JC-202104-citibike-tripdata.csv.gz,staged
JC-202104-citibike-tripdata.csv.zip,,JC,,,,,,,source_done
JC-202105-citibike-tripdata.csv.zip,JC-202105-citibike-tripdata.csv,JC,202105,current,13,45043,1250684,gs://msbai-dwd-aw6046-staging/raw/current/JC/202105/JC-202105-citibike-tripdata.csv.gz,staged
JC-202105-citibike-tripdata.csv.zip,,JC,,,,,,,source_done
JC-202106-citibike-tripdata.csv.zip,JC-202106-citibike-tripdata.csv,JC,202106,current,13,71442,2039979,gs://msbai-dwd-aw6046-staging/raw/current/JC/202106/JC-202106-citibike-tripdata.csv.gz,staged
JC-202106-citibike-tripdata.csv.zip,,JC,,,,,,,source_done
JC-202107-citibike-tripdata.csv.zip,JC-202107-citibike-tripdata.csv,JC,202107,current,13,82578,2432618,gs://msbai-dwd-aw6046-staging/raw/current/JC/202107/JC-202107-citibike-tripdata.csv.gz,staged
JC-202107-citibike-tripdata.csv.zip,,JC,,,,,,,source_done
JC-202108-citibike-tripdata.csv.zip,JC-202108-citibike-tripdata.csv,JC,202108,current,13,93821,2740257,gs://msbai-dwd-aw6046-staging/raw/current/JC/202108/JC-202108-citibike-tripdata.csv.gz,staged
JC-202108-citibike-tripdata.csv.zip,,JC,,,,,,,source_done
JC-202109-citibike-tripdata.csv.zip,JC-202109-citibike-tripdata.csv,JC,202109,current,13,97313,2837608,gs://msbai-dwd-aw6046-staging/raw/current/JC/202109/JC-202109-citibike-tripdata.csv.gz,staged
JC-202109-citibike-tripdata.csv.zip,,JC,,,,,,,source_done
JC-202110-citibike-tripdata.csv.zip,JC-202110-citibike-tripdata.csv,JC,202110,current,13,88762,2598786,gs://msbai-dwd-aw6046-staging/raw/current/JC/202110/JC-202110-citibike-tripdata.csv.gz,staged
JC-202110-citibike-tripdata.csv.zip,,JC,,,,,,,source_done
JC-202111-citibike-tripdata.csv.zip,JC-202111-citibike-tripdata.csv,JC,202111,current,13,60061,1689431,gs://msbai-dwd-aw6046-staging/raw/current/JC/202111/JC-202111-citibike-tripdata.csv.gz,staged
JC-202111-citibike-tripdata.csv.zip,,JC,,,,,,,source_done
JC-202112-citibike-tripdata.csv.zip,JC-202112-citibike-tripdata.csv,JC,202112,current,13,48021,1428034,gs://msbai-dwd-aw6046-staging/raw/current/JC/202112/JC-202112-citibike-tripdata.csv.gz,staged
JC-202112-citibike-tripdata.csv.zip,,JC,,,,,,,source_done
JC-202201-citibike-tripdata.csv.zip,JC-202201-citibike-tripdata.csv,JC,202201,current,13,26762,760606,gs://msbai-dwd-aw6046-staging/raw/current/JC/202201/JC-202201-citibike-tripdata.csv.gz,staged
JC-202201-citibike-tripdata.csv.zip,,JC,,,,,,,source_done
JC-202202-citibike-tripdata.csv.zip,JC-202202-citibike-tripdata.csv,JC,202202,current,13,31911,940422,gs://msbai-dwd-aw6046-staging/raw/current/JC/202202/JC-202202-citibike-tripdata.csv.gz,staged
JC-202202-citibike-tripdata.csv.zip,,JC,,,,,,,source_done
JC-202203-citibike-tripdata.csv.zip,JC-202203-citibike-tripdata.csv,JC,202203,current,13,51671,1483126,gs://msbai-dwd-aw6046-staging/raw/current/JC/202203/JC-202203-citibike-tripdata.csv.gz,staged
JC-202203-citibike-tripdata.csv.zip,,JC,,,,,,,source_done
JC-202204-citibike-tripdata.csv.zip,JC-202204-citibike-tripdata.csv,JC,202204,current,13,62528,1846011,gs://msbai-dwd-aw6046-staging/raw/current/JC/202204/JC-202204-citibike-tripdata.csv.gz,staged
JC-202204-citibike-tripdata.csv.zip,,JC,,,,,,,source_done
JC-202205-citibike-tripdata.csv.zip,JC-202205-citibike-tripdata.csv,JC,202205,current,13,80482,2337704,gs://msbai-dwd-aw6046-staging/raw/current/JC/202205/JC-202205-citibike-tripdata.csv.gz,staged
JC-202205-citibike-tripdata.csv.zip,,JC,,,,,,,source_done
JC-202206-citibike-tripdata.csv.zip,JC-202206-citibike-tripdata.csv,JC,202206,current,13,103299,3048371,gs://msbai-dwd-aw6046-staging/raw/current/JC/202206/JC-202206-citibike-tripdata.csv.gz,staged
JC-202206-citibike-tripdata.csv.zip,,JC,,,,,,,source_done
JC-202207-citbike-tripdata.csv.zip,JC-202207-citbike-tripdata.csv,JC,202207,current,13,108502,3243513,gs://msbai-dwd-aw6046-staging/raw/current/JC/202207/JC-202207-citbike-tripdata.csv.gz,staged
JC-202207-citbike-tripdata.csv.zip,,JC,,,,,,,source_done
JC-202208-citibike-tripdata.csv.zip,JC-202208-citibike-tripdata.csv,JC,202208,current,13,115231,3382505,gs://msbai-dwd-aw6046-staging/raw/current/JC/202208/JC-202208-citibike-tripdata.csv.gz,staged
JC-202208-citibike-tripdata.csv.zip,,JC,,,,,,,source_done
JC-202209-citibike-tripdata.csv.zip,JC-202209-citibike-tripdata.csv,JC,202209,current,13,104247,3377883,gs://msbai-dwd-aw6046-staging/raw/current/JC/202209/JC-202209-citibike-tripdata.csv.gz,staged
JC-202209-citibike-tripdata.csv.zip,,JC,,,,,,,source_done
JC-202210-citibike-tripdata.csv.zip,JC-202210-citibike-tripdata.csv,JC,202210,current,13,89558,2936199,gs://msbai-dwd-aw6046-staging/raw/current/JC/202210/JC-202210-citibike-tripdata.csv.gz,staged
JC-202210-citibike-tripdata.csv.zip,,JC,,,,,,,source_done
JC-202211-citibike-tripdata.csv.zip,JC-202211-citibike-tripdata.csv,JC,202211,current,13,72709,2297131,gs://msbai-dwd-aw6046-staging/raw/current/JC/202211/JC-202211-citibike-tripdata.csv.gz,staged
JC-202211-citibike-tripdata.csv.zip,,JC,,,,,,,source_done
JC-202212-citibike-tripdata.csv.zip,JC-202212-citibike-tripdata.csv,JC,202212,current,13,48585,1669056,gs://msbai-dwd-aw6046-staging/raw/current/JC/202212/JC-202212-citibike-tripdata.csv.gz,staged
JC-202212-citibike-tripdata.csv.zip,,JC,,,,,,,source_done
JC-202301-citibike-tripdata.csv.zip,JC-202301-citibike-tripdata.csv,JC,202301,current,13,56075,1863600,gs://msbai-dwd-aw6046-staging/raw/current/JC/202301/JC-202301-citibike-tripdata.csv.gz,staged
JC-202301-citibike-tripdata.csv.zip,,JC,,,,,,,source_done
JC-202302-citibike-tripdata.csv.zip,JC-202302-citibike-tripdata.csv,JC,202302,current,13,51213,1738378,gs://msbai-dwd-aw6046-staging/raw/current/JC/202302/JC-202302-citibike-tripdata.csv.gz,staged
JC-202302-citibike-tripdata.csv.zip,,JC,,,,,,,source_done
JC-202303-citibike-tripdata.csv.zip,JC-202303-citibike-tripdata.csv,JC,202303,current,13,63072,2011286,gs://msbai-dwd-aw6046-staging/raw/current/JC/202303/JC-202303-citibike-tripdata.csv.gz,staged
JC-202303-citibike-tripdata.csv.zip,,JC,,,,,,,source_done
JC-202304-citibike-tripdata.csv.zip,JC-202304-citibike-tripdata.csv,JC,202304,current,13,80688,2518553,gs://msbai-dwd-aw6046-staging/raw/current/JC/202304/JC-202304-citibike-tripdata.csv.gz,staged
JC-202304-citibike-tripdata.csv.zip,,JC,,,,,,,source_done
JC-202305-citibike-tripdata.csv.zip,JC-202305-citibike-tripdata.csv,JC,202305,current,13,96002,3219686,gs://msbai-dwd-aw6046-staging/raw/current/JC/202305/JC-202305-citibike-tripdata.csv.gz,staged
JC-202305-citibike-tripdata.csv.zip,,JC,,,,,,,source_done
JC-202306-citibike-tripdata.csv.zip,JC-202306-citibike-tripdata.csv,JC,202306,current,13,97023,3334096,gs://msbai-dwd-aw6046-staging/raw/current/JC/202306/JC-202306-citibike-tripdata.csv.gz,staged
JC-202306-citibike-tripdata.csv.zip,,JC,,,,,,,source_done
JC-202307-citibike-tripdata.csv.zip,JC-202307-citibike-tripdata.csv,JC,202307,current,13,106608,3476896,gs://msbai-dwd-aw6046-staging/raw/current/JC/202307/JC-202307-citibike-tripdata.csv.gz,staged
JC-202307-citibike-tripdata.csv.zip,,JC,,,,,,,source_done
JC-202308-citibike-tripdata.csv.zip,JC-202308-citibike-tripdata.csv,JC,202308,current,13,112027,3945212,gs://msbai-dwd-aw6046-staging/raw/current/JC/202308/JC-202308-citibike-tripdata.csv.gz,staged
JC-202308-citibike-tripdata.csv.zip,,JC,,,,,,,source_done
JC-202309-citibike-tripdata.csv.zip,JC-202309-citibike-tripdata.csv,JC,202309,current,13,94233,3194974,gs://msbai-dwd-aw6046-staging/raw/current/JC/202309/JC-202309-citibike-tripdata.csv.gz,staged
JC-202309-citibike-tripdata.csv.zip,,JC,,,,,,,source_done
JC-202310-citibike-tripdata.csv.zip,JC-202310-citibike-tripdata.csv,JC,202310,current,13,97584,3273945,gs://msbai-dwd-aw6046-staging/raw/current/JC/202310/JC-202310-citibike-tripdata.csv.gz,staged
JC-202310-citibike-tripdata.csv.zip,,JC,,,,,,,source_done
JC-202311-citibike-tripdata.csv.zip,JC-202311-citibike-tripdata.csv,JC,202311,current,13,75646,2763639,gs://msbai-dwd-aw6046-staging/raw/current/JC/202311/JC-202311-citibike-tripdata.csv.gz,staged
JC-202311-citibike-tripdata.csv.zip,,JC,,,,,,,source_done
JC-202312-citibike-tripdata.csv.zip,JC-202312-citibike-tripdata.csv,JC,202312,current,13,58680,2082692,gs://msbai-dwd-aw6046-staging/raw/current/JC/202312/JC-202312-citibike-tripdata.csv.gz,staged
JC-202312-citibike-tripdata.csv.zip,,JC,,,,,,,source_done
JC-202401-citibike-tripdata.csv.zip,JC-202401-citibike-tripdata.csv,JC,202401,current,13,50661,1882535,gs://msbai-dwd-aw6046-staging/raw/current/JC/202401/JC-202401-citibike-tripdata.csv.gz,staged
JC-202401-citibike-tripdata.csv.zip,,JC,,,,,,,source_done
JC-202402-citibike-tripdata.csv.zip,JC-202402-citibike-tripdata.csv,JC,202402,current,13,55613,1907926,gs://msbai-dwd-aw6046-staging/raw/current/JC/202402/JC-202402-citibike-tripdata.csv.gz,staged
JC-202402-citibike-tripdata.csv.zip,,JC,,,,,,,source_done
JC-202403-citibike-tripdata.csv.zip,JC-202403-citibike-tripdata.csv,JC,202403,current,13,65581,2307600,gs://msbai-dwd-aw6046-staging/raw/current/JC/202403/JC-202403-citibike-tripdata.csv.gz,staged
JC-202403-citibike-tripdata.csv.zip,,JC,,,,,,,source_done
JC-202404-citibike-tripdata.csv.zip,JC-202404-citibike-tripdata.csv,JC,202404,current,13,79116,2809292,gs://msbai-dwd-aw6046-staging/raw/current/JC/202404/JC-202404-citibike-tripdata.csv.gz,staged
JC-202404-citibike-tripdata.csv.zip,,JC,,,,,,,source_done
JC-202405-citibike-tripdata.csv.zip,JC-202405-citibike-tripdata.csv,JC,202405,current,13,97479,3237342,gs://msbai-dwd-aw6046-staging/raw/current/JC/202405/JC-202405-citibike-tripdata.csv.gz,staged
JC-202405-citibike-tripdata.csv.zip,,JC,,,,,,,source_done
JC-202406-citibike-tripdata.csv.zip,JC-202406-citibike-tripdata.csv,JC,202406,current,13,111115,4413109,gs://msbai-dwd-aw6046-staging/raw/current/JC/202406/JC-202406-citibike-tripdata.csv.gz,staged
JC-202406-citibike-tripdata.csv.zip,,JC,,,,,,,source_done
JC-202407-citibike-tripdata.csv.zip,JC-202407-citibike-tripdata.csv,JC,202407,current,13,112443,4197444,gs://msbai-dwd-aw6046-staging/raw/current/JC/202407/JC-202407-citibike-tripdata.csv.gz,staged
JC-202407-citibike-tripdata.csv.zip,,JC,,,,,,,source_done
JC-202408-citibike-tripdata.csv.zip,JC-202408-citibike-tripdata.csv,JC,202408,current,13,106451,3530094,gs://msbai-dwd-aw6046-staging/raw/current/JC/202408/JC-202408-citibike-tripdata.csv.gz,staged
JC-202408-citibike-tripdata.csv.zip,,JC,,,,,,,source_done
JC-202409-citibike-tripdata.csv.zip,JC-202409-citibike-tripdata.csv,JC,202409,current,13,115558,4139235,gs://msbai-dwd-aw6046-staging/raw/current/JC/202409/JC-202409-citibike-tripdata.csv.gz,staged
JC-202409-citibike-tripdata.csv.zip,,JC,,,,,,,source_done
JC-202410-citibike-tripdata.csv.zip,JC-202410-citibike-tripdata.csv,JC,202410,current,13,118307,4027426,gs://msbai-dwd-aw6046-staging/raw/current/JC/202410/JC-202410-citibike-tripdata.csv.gz,staged
JC-202410-citibike-tripdata.csv.zip,,JC,,,,,,,source_done
JC-202411-citibike-tripdata.csv.zip,JC-202411-citibike-tripdata.csv,JC,202411,current,13,85294,2801079,gs://msbai-dwd-aw6046-staging/raw/current/JC/202411/JC-202411-citibike-tripdata.csv.gz,staged
JC-202411-citibike-tripdata.csv.zip,,JC,,,,,,,source_done
JC-202412-citibike-tripdata.csv.zip,JC-202412-citibike-tripdata.csv,JC,202412,current,13,54833,2011442,gs://msbai-dwd-aw6046-staging/raw/current/JC/202412/JC-202412-citibike-tripdata.csv.gz,staged
JC-202412-citibike-tripdata.csv.zip,,JC,,,,,,,source_done
JC-202501-citibike-tripdata.csv.zip,JC-202501-citibike-tripdata.csv,JC,202501,current,13,50611,1742183,gs://msbai-dwd-aw6046-staging/raw/current/JC/202501/JC-202501-citibike-tripdata.csv.gz,staged
JC-202501-citibike-tripdata.csv.zip,,JC,,,,,,,source_done
JC-202502-citibike-tripdata.csv.zip,JC-202502-citibike-tripdata.csv,JC,202502,current,13,45255,1607923,gs://msbai-dwd-aw6046-staging/raw/current/JC/202502/JC-202502-citibike-tripdata.csv.gz,staged
JC-202502-citibike-tripdata.csv.zip,,JC,,,,,,,source_done
JC-202503-citibike-tripdata.csv.zip,JC-202503-citibike-tripdata.csv,JC,202503,current,13,73293,2690711,gs://msbai-dwd-aw6046-staging/raw/current/JC/202503/JC-202503-citibike-tripdata.csv.gz,staged
JC-202503-citibike-tripdata.csv.zip,,JC,,,,,,,source_done
JC-202504-citibike-tripdata.csv.zip,JC-202504-citibike-tripdata.csv,JC,202504,current,13,81553,2817657,gs://msbai-dwd-aw6046-staging/raw/current/JC/202504/JC-202504-citibike-tripdata.csv.gz,staged
JC-202504-citibike-tripdata.csv.zip,,JC,,,,,,,source_done
JC-202505-citibike-tripdata.csv.zip,JC-202505-citibike-tripdata.csv,JC,202505,current,13,93227,3095565,gs://msbai-dwd-aw6046-staging/raw/current/JC/202505/JC-202505-citibike-tripdata.csv.gz,staged
JC-202505-citibike-tripdata.csv.zip,,JC,,,,,,,source_done
JC-202506-citibike-tripdata.csv.zip,JC-202506-citibike-tripdata.csv,JC,202506,current,13,97124,3492388,gs://msbai-dwd-aw6046-staging/raw/current/JC/202506/JC-202506-citibike-tripdata.csv.gz,staged
JC-202506-citibike-tripdata.csv.zip,,JC,,,,,,,source_done
JC-202507-citibike-tripdata.csv.zip,JC-202507-citibike-tripdata.csv,JC,202507,current,13,107726,3882730,gs://msbai-dwd-aw6046-staging/raw/current/JC/202507/JC-202507-citibike-tripdata.csv.gz,staged
JC-202507-citibike-tripdata.csv.zip,,JC,,,,,,,source_done
JC-202508-citibike-tripdata.csv.zip,JC-202508-citibike-tripdata.csv,JC,202508,current,13,108441,3653485,gs://msbai-dwd-aw6046-staging/raw/current/JC/202508/JC-202508-citibike-tripdata.csv.gz,staged
JC-202508-citibike-tripdata.csv.zip,,JC,,,,,,,source_done
JC-202509-citibike-tripdata.csv.zip,JC-202509-citibike-tripdata.csv,JC,202509,current,13,116071,4250912,gs://msbai-dwd-aw6046-staging/raw/current/JC/202509/JC-202509-citibike-tripdata.csv.gz,staged
JC-202509-citibike-tripdata.csv.zip,,JC,,,,,,,source_done
JC-202510-citibike-tripdata.zip,JC-202510-citibike-tripdata.csv,JC,202510,current,13,104205,3598974,gs://msbai-dwd-aw6046-staging/raw/current/JC/202510/JC-202510-citibike-tripdata.csv.gz,staged
JC-202510-citibike-tripdata.zip,,JC,,,,,,,source_done
JC-202511-citibike-tripdata.csv.zip,JC-202511-citibike-tripdata.csv,JC,202511,current,13,76724,2680862,gs://msbai-dwd-aw6046-staging/raw/current/JC/202511/JC-202511-citibike-tripdata.csv.gz,staged
JC-202511-citibike-tripdata.csv.zip,,JC,,,,,,,source_done
JC-202512-citibike-tripdata.csv.zip,JC-202512-citibike-tripdata.csv,JC,202512,current,13,48474,1733131,gs://msbai-dwd-aw6046-staging/raw/current/JC/202512/JC-202512-citibike-tripdata.csv.gz,staged
JC-202512-citibike-tripdata.csv.zip,,JC,,,,,,,source_done
JC-202601-citibike-tripdata.zip,JC-202601-citibike-tripdata.csv,JC,202601,current,13,40044,1440778,gs://msbai-dwd-aw6046-staging/raw/current/JC/202601/JC-202601-citibike-tripdata.csv.gz,staged
JC-202601-citibike-tripdata.zip,,JC,,,,,,,source_done
JC-202602-citibike-tripdata.csv.zip,JC-202602-citibike-tripdata.csv,JC,202602,current,13,25809,958001,gs://msbai-dwd-aw6046-staging/raw/current/JC/202602/JC-202602-citibike-tripdata.csv.gz,staged
JC-202602-citibike-tripdata.csv.zip,,JC,,,,,,,source_done
JC-202603-citibike-tripdata.csv.zip,JC-202603-citibike-tripdata.csv,JC,202603,current,13,62367,2227683,gs://msbai-dwd-aw6046-staging/raw/current/JC/202603/JC-202603-citibike-tripdata.csv.gz,staged
JC-202603-citibike-tripdata.csv.zip,,JC,,,,,,,source_done
JC-202604-citibike-tripdata.zip,JC-202604-citibike-tripdata.csv,JC,202604,current,13,82272,2926710,gs://msbai-dwd-aw6046-staging/raw/current/JC/202604/JC-202604-citibike-tripdata.csv.gz,staged
JC-202604-citibike-tripdata.zip,,JC,,,,,,,source_done
JC-202605-citibike-tripdata.csv.zip,JC-202605-citibike-tripdata.csv,JC,202605,current,13,95350,3445564,gs://msbai-dwd-aw6046-staging/raw/current/JC/202605/JC-202605-citibike-tripdata.csv.gz,staged
JC-202605-citibike-tripdata.csv.zip,,JC,,,,,,,source_done
JC-202606-citibike-tripdata.csv.zip,JC-202606-citibike-tripdata.csv,JC,202606,current,13,109897,3702828,gs://msbai-dwd-aw6046-staging/raw/current/JC/202606/JC-202606-citibike-tripdata.csv.gz,staged
JC-202606-citibike-tripdata.csv.zip,,JC,,,,,,,source_done
